Date,0
2015-12-29,1.0
2015-12-30,0.9937481496854657
2016-01-04,0.9638005999907537
2016-01-05,0.9680494957870326
2016-01-06,0.9514935869001172
2016-01-07,0.9273966033568278
2016-01-08,0.9094341983019003
2016-01-12,0.91691665068584
2016-01-13,0.893527350823094
2016-01-14,0.9070902338426771
2016-01-15,0.8838473098058031
2016-01-19,0.8873029466299158
2016-01-20,0.8768690560443766
2016-01-21,0.8812613589089967
2016-01-22,0.8992922378728698
2016-01-25,0.8823574683611985
2016-01-27,0.8802297681447628
2016-01-28,0.88875121974849
2016-01-29,0.9099194841551641
2016-02-01,0.9120779804812634
2016-02-02,0.8869883267609259
2016-02-03,0.8819222595371944
2016-02-04,0.8891538537376396
2016-02-05,0.8633537044860117
2016-02-16,0.8677213353684775
2016-02-17,0.8934788176128633
2016-02-18,0.8990713061487485
2016-02-19,0.9014535658471318
2016-02-22,0.9271398364111963
2016-02-23,0.9164515819027137
2016-02-24,0.9217437740038428
2016-02-25,0.9396012381332799
2016-02-26,0.9411182164013094
2016-02-29,0.9305038083905155
2016-03-01,0.9459689182252794
2016-03-02,0.9520810228688418
2016-03-03,0.9564154901297309
2016-03-04,0.9606685377402389
2016-03-08,0.9524595156380186
2016-03-09,0.9586133040576085
2016-03-10,0.9565237877345634
2016-03-11,0.9689791181439914
2016-03-14,0.9752297947596099
2016-03-15,0.9758863791820598
2016-03-16,0.9850461556774207
2016-03-17,0.9902150432069879
2016-03-18,1.0055437354009022
2016-03-22,1.007454578581105
2016-03-23,1.0035302737429064
2016-03-29,1.0143576210451613
2016-03-30,1.0166260575783725
2016-03-31,1.012981123106101
2016-04-01,1.0224365668071267
2016-04-05,1.0221049640049271
2016-04-06,1.0345208175766885
2016-04-07,1.0213589405775707
2016-04-08,1.0198489500171557
2016-04-11,1.023345204596599
2016-04-12,1.0297514127767833
2016-04-13,1.0495001842809164
2016-04-18,1.0566733219420048
2016-04-20,1.0638535150386583
2016-04-21,1.061195252801882
2016-04-22,1.0597810460290957
2016-04-25,1.0579706538129432
2016-04-26,1.0573587469429162
2016-04-27,1.060760276307632
2016-04-28,1.0456536326459884
2016-05-06,1.018266976943104
2016-05-09,1.0127476065916534
2016-05-10,1.0257182403109597
2016-05-11,1.019504491680211
2016-05-12,1.0160080663163435
2016-05-13,1.0323058042412492
2016-05-16,1.0450939189340231
2016-05-17,1.0367909885893871
2016-05-18,1.0517108518322138
2016-05-19,1.051887569312956
2016-05-20,1.061794433594354
2016-05-23,1.0567982447782929
2016-05-24,1.071781798327296
2016-05-25,1.0783344163685011
2016-05-26,1.0813067305428432
2016-05-27,1.085581950138398
2016-05-31,1.086388406022423
2016-06-01,1.0858304417644633
2016-06-02,1.08717829741142
2016-06-03,1.0806279189655084
2016-06-06,1.0859150968416755
2016-06-07,1.0950704129393365
2016-06-08,1.1047473727043309
2016-06-13,1.0837919847504043
2016-06-14,1.0785396928181983
2016-06-15,1.0805146859552697
2016-06-16,1.0843615612359252
2016-06-17,1.0741832278318089
2016-06-20,1.0829779118309986
2016-06-21,1.0840370596918165
2016-06-22,1.0662004980350084
2016-06-23,1.0782304943855945
2016-06-24,1.0390394307322786
2016-06-27,1.0315162479434514
2016-06-28,1.051432126511938
2016-06-29,1.0719827218739895
2016-06-30,1.0848595433509076
2016-07-01,1.0874375162763223
2016-07-05,1.0788675169574713
2016-07-07,1.0891894982530914
2016-07-08,1.105610568310312
2016-07-11,1.1183008504303795
2016-07-12,1.1263395066003545
2016-07-13,1.1264945868943612
2016-07-14,1.13022229615561
2016-07-15,1.128829663582405
2016-07-19,1.1384428814379972
2016-07-20,1.1441275952073855
2016-07-21,1.1337056182205048
2016-07-22,1.141313604129593
2016-07-25,1.1428108966415813
2016-07-26,1.1494418370949009
2016-07-27,1.1468765733378656
2016-07-28,1.1488779374727376
2016-07-29,1.1575802777528632
2016-08-01,1.147104920915104
2016-08-02,1.143178040907228
2016-08-03,1.146184191131928
2016-08-04,1.152018868957053
2016-08-05,1.1637015611208397
2016-08-08,1.1628808226455176
2016-08-09,1.1660946882379275
2016-08-10,1.158301895759632
2016-08-16,1.1710644061863411
2016-08-17,1.1697540971078602
2016-08-18,1.1748460635918259
2016-08-19,1.1731789030428308
2016-08-22,1.1709163452705467
2016-08-23,1.1722332990945536
2016-08-24,1.1659139699666874
2016-08-25,1.1593325707497166
2016-08-26,1.1585448863774064
2016-08-30,1.154910863129729
2016-08-31,1.151101340530622
2016-09-01,1.1464070002813946
2016-09-02,1.1460791568578368
2016-09-06,1.1534907448109155
2016-09-07,1.1482308868014193
2016-09-08,1.146940339417201
2016-09-09,1.1205840186904117
2016-09-12,1.1352245993672516
2016-09-14,1.1188773120114466
2016-09-20,1.1331025119928433
2016-09-21,1.1471786255092586
2016-09-23,1.1544092862819515
2016-09-26,1.1455918646723442
2016-09-27,1.1538007499791954
2016-09-28,1.1621303527541824
2016-09-29,1.149754992400332
2016-09-30,1.1624750908267107
2016-10-13,1.1448734444831226
2016-10-14,1.1431097166977116
2016-10-17,1.139026110287742
2016-10-18,1.162417204559893
2016-10-19,1.1702038440853315
2016-10-20,1.1686447178738208
2016-10-21,1.168245051476152
2016-10-24,1.183315645396552
2016-10-25,1.1861284361026885
2016-10-26,1.184048149562568
2016-10-27,1.1792673608232027
2016-10-28,1.1723022301991128
2016-11-01,1.1551644315197938
2016-11-02,1.1465541647099922
2016-11-04,1.1407147540757638
2016-11-07,1.1728124750414535
2016-11-08,1.1789964825577792
2016-11-09,1.1815997691513387
2016-11-10,1.187473179458869
2016-11-15,1.2427182247100101
2016-11-16,1.2479565546727354
2016-11-17,1.2546487910532729
2016-11-18,1.24807576715064
2016-11-21,1.253939580808889
2016-11-22,1.2653191176833407
2016-11-25,1.2755778002943936
2016-11-28,1.272633305393468
2016-11-29,1.2729130385798466
2016-11-30,1.273225431723946
2016-12-01,1.2607347251548935
2016-12-02,1.2627883529833503
2016-12-05,1.2777406479363582
2016-12-06,1.27976366913986
2016-12-07,1.3012841915027367
2016-12-08,1.2992456269538049
2016-12-09,1.3044160194793226
2016-12-12,1.3029021063998643
2016-12-13,1.3177578430059773
2016-12-14,1.3226969578562375
2016-12-15,1.3286597842562033
2016-12-16,1.337842291236728
2016-12-19,1.341974986669303
2016-12-20,1.3571741711533059
2016-12-21,1.3565048114981482
2016-12-22,1.3605705695142956
2016-12-28,1.3707204653445695
2016-12-29,1.3684371197285374
2016-12-30,1.3544251577759705
2017-01-04,1.3721840327584016
2017-01-05,1.3651698320893932
2017-01-06,1.3749907583568783
2017-01-10,1.3735654052216568
2017-01-11,1.375195217399459
2017-01-12,1.3687785516983262
2017-01-13,1.3754106020649621
2017-01-17,1.361743724410172
2017-01-18,1.3636960167844574
2017-01-19,1.3680974596658688
2017-01-20,1.3710315906768449
2017-01-23,1.377601813818757
2017-01-24,1.3939908002605275
2017-01-25,1.401096978645959
2017-02-03,1.399550356470563
2017-02-06,1.4084652589367368
2017-02-07,1.4124153846096257
2017-02-08,1.4105769731840612
2017-02-09,1.4159518799302242
2017-02-10,1.415575629451918
2017-02-13,1.4233496803507724
2017-02-14,1.4281013324457645
2017-02-15,1.433736880611281
2017-02-16,1.421070599612616
2017-02-17,1.4151316570496901
2017-02-21,1.4335631093116679
2017-02-22,1.4281661005861035
2017-02-23,1.4001663358508474
2017-02-27,1.4024305508983075
2017-02-28,1.3978198236063004
2017-03-01,1.4191769951996984
2017-03-02,1.4059510017227088
2017-03-03,1.4051517473072999
2017-03-06,1.4013785027643084
2017-03-07,1.401259548656693
2017-03-08,1.395625317957474
2017-03-09,1.3975853218199177
2017-03-10,1.4007985089739212
2017-03-14,1.4158301098090418
2017-03-15,1.424482082346759
2017-03-16,1.4304649345992342
2017-03-17,1.4330843030161395
2017-03-21,1.4065078785459533
2017-03-22,1.41280113611733
2017-03-23,1.4055262794331391
2017-03-24,1.4098703014626301
2017-03-27,1.4174917312781117
2017-03-28,1.42940828366142
2017-03-29,1.4274006032999011
2017-03-30,1.4403089471769046
2017-03-31,1.43066015050206
2017-04-05,1.427513666426925
2017-04-06,1.4323660677763195
2017-04-07,1.4339012696497986
2017-04-10,1.4346956327550018
2017-04-11,1.4325045937299696
2017-04-12,1.420759910051852
2017-04-13,1.4151578304741201
2017-04-18,1.4313006409544662
2017-04-19,1.4325870709679547
2017-04-20,1.4432356685868113
2017-04-21,1.4447206290768557
2017-04-24,1.4658787142903837
2017-04-25,1.482238851970454
2017-04-26,1.4805784296178897
2017-04-27,1.4824499441573746
2017-04-28,1.491397224813976
2017-05-02,1.4949651306898983
2017-05-08,1.4970121619620036
2017-05-09,1.5035179292439458
2017-05-10,1.5457384996172252
2017-05-11,1.5558073006279436
2017-05-12,1.5562784925841058
2017-05-15,1.5640365745438813
2017-05-16,1.5668675982937637
2017-05-17,1.5275318583175779
2017-05-18,1.5456695441352017
2017-05-19,1.557513334956222
2017-05-22,1.5681902444003404
2017-05-23,1.567159925362866
2017-05-24,1.5753849495616705
2017-05-25,1.5841570659545472
2017-05-26,1.5944365687712594
2017-05-31,1.5924941838689586
2017-06-01,1.6023317930378194
2017-06-02,1.5987049664585435
2017-06-05,1.6126027454387377
2017-06-06,1.6173948266263296
2017-06-07,1.6298653215857648
2017-06-08,1.65447725107151
2017-06-09,1.6341260118702259
2017-06-12,1.6321178642189536
2017-06-13,1.651492558051442
2017-06-14,1.652884706321848
2017-06-15,1.6474913966793583
2017-06-16,1.6466966001727292
2017-06-19,1.6666062574271414
2017-06-20,1.6630324010951387
2017-06-21,1.6705023060661761
2017-06-22,1.673739737570088
2017-06-23,1.6691523112263247
2017-06-27,1.6350974080037066
2017-06-28,1.6614139611509025
2017-06-29,1.639950724874037
2017-06-30,1.63661571236213
2017-07-03,1.6299833608759824
2017-07-05,1.6248523601448905
2017-07-06,1.6051578751759765
2017-07-07,1.6207151011650518
2017-07-10,1.634133295858033
2017-07-12,1.66277632432014
2017-07-13,1.6552378543930113
2017-07-14,1.6682067875815023
2017-07-18,1.6657343660239579
2017-07-19,1.6686249047664672
2017-07-20,1.676552537494172
2017-07-21,1.6768653586246596
2017-07-24,1.68468377010295
2017-07-25,1.6734949527738667
2017-07-26,1.675268128062254
2017-07-27,1.6537677145247178
2017-07-28,1.6587935531717273
2017-07-31,1.6479837674019984
2017-08-01,1.652764904328457
2017-08-02,1.6625140563137193
2017-08-03,1.6810413387338032
2017-08-04,1.6930943900381052
2017-08-07,1.694457189405472
2017-08-08,1.6957539866213902
2017-08-09,1.694444258359756
2017-08-10,1.6659409993490217
2017-08-14,1.6816491146826167
2017-08-16,1.6774564017634048
2017-08-17,1.6480566230836182
2017-08-18,1.642889294011113
2017-08-21,1.63195714133359
2017-08-22,1.651863043222236
2017-08-23,1.6670161454099774
2017-08-24,1.660623443795498
2017-08-29,1.6648700235043896
2017-08-30,1.6726427999938174
2017-08-31,1.6859615152777334
2017-09-01,1.686874555825086
2017-09-05,1.6561384461706448
2017-09-06,1.6543908621380805
2017-09-07,1.659782413117401
2017-09-08,1.6460441237815522
2017-09-11,1.6755166972046727
2017-09-12,1.6781695504079415
2017-09-13,1.6857808664177616
2017-09-14,1.695350197591397
2017-09-15,1.7128849136642212
2017-09-19,1.7236205117329857
2017-09-20,1.7285738960643582
2017-09-21,1.7164309798436341
2017-09-22,1.700645233332177
2017-09-25,1.681859423554374
2017-09-26,1.6851592981742929
2017-09-27,1.705370483597501
2017-09-28,1.7076311186509145
2017-09-29,1.715372056833268
2017-10-10,1.752448542543852
2017-10-11,1.758949581919209
2017-10-12,1.7560219399227324
2017-10-13,1.7599573917767766
2017-10-16,1.7692636930999774
2017-10-17,1.7874102983173166
2017-10-18,1.7917973772924989
2017-10-19,1.782794953382035
2017-10-23,1.7788569275332669
2017-10-24,1.7860350628627868
2017-10-25,1.7686382175705062
2017-10-26,1.7779865184694181
2017-10-27,1.7972401930685709
2017-10-30,1.794915043112333
2017-10-31,1.8059657502073894
2017-11-01,1.8029016076901347
2017-11-02,1.7893211947682397
2017-11-06,1.7946063711179678
2017-11-07,1.7979500580327505
2017-11-08,1.7881453820505961
2017-11-09,1.7785755582403193
2017-11-10,1.7889263548704708
2017-11-13,1.7951049572998803
2017-11-14,1.7906761245095755
2017-11-15,1.7808769204005783
2017-11-17,1.7813002545212784
2017-11-20,1.782636914215016
2017-11-21,1.8015866848386315
2017-11-22,1.7942020866362949
2017-11-24,1.8023328760252575
2017-11-27,1.8017068166839256
2017-11-28,1.8131458232346476
2017-11-29,1.798073370207088
2017-11-30,1.8239926174994041
2017-12-01,1.8119981876607454
2017-12-04,1.7928866394093783
2017-12-05,1.7887342653049525
2017-12-06,1.800179846612612
2017-12-07,1.8082758378984316
2017-12-08,1.8212212565491888
2017-12-11,1.8380379511574063
2017-12-12,1.8446620057470857
2017-12-13,1.8385090960511716
2017-12-14,1.8326091657454089
2017-12-15,1.8577018179205458
2017-12-18,1.870090949037538
2017-12-19,1.8566038683174266
2017-12-20,1.8557477805976372
2017-12-21,1.8635338453020711
2017-12-22,1.8538732598674514
2017-12-27,1.8431682284538324
2017-12-28,1.852007871124279
2017-12-29,1.835815122348946
2018-01-04,1.9030049173263734
2018-01-05,1.9165174092302033
2018-01-09,1.9446929080898196
2018-01-10,1.9469635331600572
2018-01-11,1.9567087304263708
2018-01-12,1.9719738238962783
2018-01-16,1.9685347749132724
2018-01-17,1.9956139728390496
2018-01-18,1.997473567065304
2018-01-19,2.0125595606730067
2018-01-22,2.0286982857635727
2018-01-23,2.0433176645093987
2018-01-24,2.0356910263796055
2018-01-25,2.0353429917734
2018-01-30,2.02909556744984
2018-01-31,2.047960166060726
2018-02-01,2.04460986335394
2018-02-02,1.9842321810668697
2018-02-05,1.8773739577859319
2018-02-06,1.914516725469996
2018-02-07,1.9216096280395645
2018-02-08,1.8361091432215906
2018-02-09,1.866496715755681
2018-02-14,1.923124506260421
2018-02-22,1.9661720972904895
2018-02-23,1.9952128392296562
2018-02-26,2.022763664874263
2018-02-27,1.9969526333002392
2018-02-28,1.9653061236565776
2018-03-01,1.916664839014958
2018-03-05,1.943792344807183
2018-03-06,1.9452527778744215
2018-03-07,1.9439189879532461
2018-03-08,1.9425872415086887
2018-03-09,1.97055861009913
2018-03-12,1.9854478860487925
2018-03-13,1.9700159605864058
2018-03-14,1.9516368618840734
2018-03-15,1.959623562083664
2018-03-16,1.9530268090289276
2018-03-19,1.9151825954038209
2018-03-20,1.9234613687044584
2018-03-22,1.8677375922662938
2018-03-23,1.827986180754487
2018-03-26,1.8805476356596096
2018-03-27,1.8148144812067482
2018-03-28,1.7853946148562543
2018-04-03,1.8208203218341272
2018-04-04,1.8538273037958726
2018-04-09,1.8265950123817125
2018-04-10,1.878437789792251
2018-04-11,1.8599622050414444
2018-04-12,1.8774218675869034
2018-04-13,1.8725087970654022
2018-04-16,1.8784184687905139
2018-04-17,1.901973272000376
2018-04-18,1.904487865496673
2018-04-19,1.9101085511067666
2018-04-20,1.892509623756857
2018-04-23,1.8796598188746778
2018-04-24,1.8561180554915153
2018-04-25,1.85063807073269
2018-04-26,1.8806442742929845
2018-04-27,1.8783556378423065
2018-05-02,1.860075679026993
2018-05-08,1.9145172937782107
2018-05-09,1.9443487200985594
2018-05-10,1.967277875472418
2018-05-11,1.964374564306069
2018-05-14,1.965877974530551
2018-05-15,1.9350746381397628
2018-05-16,1.9430775981797985
2018-05-17,1.9435053435953278
2018-05-18,1.9275876283558628
2018-05-21,1.9525352039816646
2018-05-22,1.9354531677665143
2018-05-23,1.9465882423787801
2018-05-24,1.9338121633933318
2018-05-25,1.930603078282406
2018-05-29,1.9106594239246897
2018-05-30,1.9475290070347557
2018-05-31,1.9331949293605266
2018-06-01,1.964689750996601
2018-06-04,1.981987121233457
2018-06-05,1.9733606598464108
2018-06-06,2.018453494431541
2018-06-07,2.0157684382757637
2018-06-08,2.021094893869978
2018-06-11,2.0371245610441466
2018-06-12,2.046048334039666
2018-06-13,2.039690259911368
2018-06-14,2.0591369910920014
2018-06-15,2.054674453564049
2018-06-19,2.0399587935415253
2018-06-20,2.050344052100493
2018-06-21,2.0212852959472607
2018-06-22,2.0097802647534677
2018-06-25,1.9749699476237206
2018-06-26,1.989027083386914
2018-06-27,1.9747286688600543
2018-06-28,1.990286120859939
2018-06-29,1.982455278725282
2018-07-02,1.9868712566076325
2018-07-03,1.9507224546936528
2018-07-05,1.967618920211699
2018-07-06,1.978978514790737
2018-07-09,2.010281942524455
2018-07-10,2.022004805107547
2018-07-11,2.0022544344204425
2018-07-12,2.020725641478486
2018-07-13,2.0305266211398654
2018-07-16,2.0255737589053036
2018-07-17,2.0428818644916875
2018-07-18,2.05150170992256
2018-07-19,2.0355489840062835
2018-07-20,2.0287205488022653
2018-07-23,2.02591055341211
2018-07-24,2.0496427601025244
2018-07-25,2.075231341754364
2018-07-26,2.084149744319566
2018-07-27,2.0554294653965077
2018-07-30,2.0304470395301406
2018-07-31,2.0384972197789684
2018-08-01,2.0398747131431794
2018-08-02,2.094348221033562
2018-08-03,2.0986730258349953
2018-08-06,2.0954840788773694
2018-08-07,2.1435207125947557
2018-08-08,2.1391321302917174
2018-08-09,2.121211880086786
2018-08-10,2.1117800381495426
2018-08-13,2.1039907271049265
2018-08-14,2.109107401166212
2018-08-16,2.087639136675391
2018-08-17,2.0476741401333833
2018-08-20,2.059031154514509
2018-08-21,2.0797771609661404
2018-08-23,2.0866766838858455
2018-08-24,2.1058267575184484
2018-08-28,2.114298190895197
2018-08-29,2.116577607811678
2018-08-30,2.105717451072899
2018-08-31,2.0974613577507766
2018-09-04,2.0852983336433657
2018-09-05,2.072215067882982
2018-09-06,2.0629625331386046
2018-09-07,2.042548894760093
2018-09-10,2.062596804268401
2018-09-11,2.0649015156609374
2018-09-12,2.0679434284777005
2018-09-14,2.0961610749194364
2018-09-18,2.0832873021672498
2018-09-19,2.11802624052913
2018-09-21,2.114778818381601
2018-09-25,2.119540004613686
2018-09-26,2.1183382088209695
2018-09-27,2.1214084204429198
2018-09-28,2.0891959879175803
2018-10-09,2.0648397905618694
2018-10-10,1.98857298323725
2018-10-11,1.94216732815556
2018-10-12,1.970212160113801
2018-10-15,1.9525033116091732
2018-10-16,2.0157281793940647
2018-10-17,1.9994418789374013
2018-10-19,1.9572795606955697
2018-10-22,1.9469554340988773
2018-10-23,1.974154070245809
2018-10-24,1.8881572708380636
2018-10-25,1.9557032709087476
2018-10-26,1.9352982417996627
2018-10-29,1.9032052274683051
2018-10-30,1.945145218247466
2018-10-31,1.9891128204233925
2018-11-01,2.0136805797682715
2018-11-02,2.010701151803323
2018-11-05,1.997919840719183
2018-11-06,2.0078646781248066
2018-11-07,2.054236218927184
2018-11-09,2.034934112725588
2018-11-12,1.9690880187775108
2018-11-13,1.9829534616327413
2018-11-14,1.9733841285339935
2018-11-15,2.0036973558125752
2018-11-16,1.9641260260874691
2018-11-19,1.9117393632403517
2018-11-20,1.8946838684923348
2018-11-21,1.881079460016429
2018-11-26,1.9182974185966284
2018-11-27,1.911959072186317
2018-11-28,1.9552807387393334
2018-11-29,1.9440434561642044
2018-11-30,1.9694769366286837
2018-12-03,2.0081496676297936
2018-12-04,1.9396257007912359
2018-12-06,1.939756861183332
2018-12-07,1.8889418185320508
2018-12-10,1.891284885804862
2018-12-11,1.8865859831309637
2018-12-12,1.895346094758151
2018-12-13,1.906671241536191
2018-12-14,1.8737655993391746
2018-12-17,1.8255422272823647
2018-12-18,1.8137301740754472
2018-12-19,1.779475697317386
2018-12-20,1.7291615018443982
2018-12-21,1.695574554448309
2018-12-27,1.728812882794103
2018-12-28,1.7417300250800598
2019-01-04,1.7626450729643464
2019-01-07,1.7909690394777624
2019-01-08,1.7962017622849913
2019-01-09,1.8055738543308166
2019-01-10,1.8167659581244404
2019-01-11,1.8211928916097222
2019-01-15,1.8425213977276338
2019-01-16,1.8491493653601254
2019-01-17,1.863113881639032
2019-01-18,1.8558014905885074
2019-01-22,1.8177918670415412
2019-01-23,1.822577269373257
2019-01-24,1.8369905013536703
2019-01-25,1.8552831068995266
2019-01-28,1.8095198602118896
2019-01-29,1.8046235868417158
2019-01-30,1.8418094192017285
2019-01-31,1.857921806547107
2019-02-01,1.874010010245618
2019-02-12,1.8920083611192091
2019-02-14,1.897575786625606
2019-02-15,1.9314903270774653
2019-02-19,1.93151870282133
2019-02-20,1.9319558423677057
2019-02-21,1.901821974727972
2019-02-22,1.9190791803446374
2019-02-25,1.9234036206570115
2019-02-26,1.9156996374795152
2019-02-27,1.916922370871244
2019-02-28,1.9057370296492693
2019-03-01,1.9015282868055539
2019-03-05,1.8848126396013942
2019-03-06,1.8679926009218557
2019-03-07,1.8564860247521369
2019-03-08,1.8629867476988802
2019-03-11,1.9125775412929011
2019-03-12,1.911974142872276
2019-03-13,1.942386735112337
2019-03-14,1.9397713840932922
2019-03-15,1.9307637827868638
2019-03-18,1.9343254117203361
2019-03-19,1.9464528927405655
2019-03-20,1.9423826503979236
2019-03-22,1.9142942330256072
2019-03-25,1.8975917288652575
2019-03-26,1.9121883750601651
2019-03-27,1.911583855600394
2019-03-28,1.922598926806771
2019-04-01,1.9775145734677901
2019-04-02,1.972943707326727
2019-04-03,1.988009602649001
2019-04-04,1.97779631072244
2019-04-08,1.9931146948640077
2019-04-09,1.978352643630091
2019-04-10,1.983238723890376
2019-04-11,1.9691783348855139
2019-04-12,1.9695973572516237
2019-04-15,1.9641795764493626
2019-04-16,1.9735089520603888
2019-04-18,1.9828792138868438
2019-04-23,2.012356525316379
2019-04-24,1.998223085964232
2019-04-25,1.9839707369830384
2019-04-26,1.9641973343899826
2019-05-07,1.923310601571401
2019-05-08,1.923844704947542
2019-05-09,1.9115760554406727
2019-05-10,1.9130210843310493
2019-05-13,1.8523643963879053
2019-05-14,1.8648858585135437
2019-05-15,1.8713951657488819
2019-05-16,1.879858399239947
2019-05-17,1.8489175362115184
2019-05-20,1.8342854967250188
2019-05-21,1.85344067665375
2019-05-23,1.7954313347731192
2019-05-24,1.790282831078359
2019-05-28,1.7680899832644024
2019-05-29,1.7576501319476985
2019-05-30,1.7496114155150861
2019-05-31,1.7232197097913313
2019-06-03,1.6976822485944532
2019-06-04,1.7605052839249353
2019-06-06,1.7853234701745042
2019-06-10,1.8125218616478571
2019-06-11,1.8092359071703026
2019-06-12,1.7865416901854294
2019-06-13,1.8034650786938073
2019-06-14,1.7996873145071526
2019-06-17,1.8137556165387505
2019-06-18,1.8405570760543404
2019-06-19,1.8443822184577876
2019-06-20,1.8497386388498038
2019-06-21,1.8550544889533123
2019-06-24,1.853007061225122
2019-06-25,1.830455932157369
2019-06-26,1.8376274857432504
2019-06-27,1.8513028875706858
2019-06-28,1.8649022334409404
2019-07-01,1.881745817841414
2019-07-02,1.875604615075884
2019-07-03,1.8968989650977295
2019-07-05,1.8945852287441092
2019-07-08,1.87992104663983
2019-07-09,1.8797931956505236
2019-07-10,1.9033178532999635
2019-07-11,1.9341030862762425
2019-07-12,1.9571247759968635
2019-07-16,1.9577171958430302
2019-07-17,1.9543266190962936
2019-07-18,1.9491878127915618
2019-07-19,1.9433992679341892
2019-07-22,1.9492327173329522
2019-07-23,1.9732042255646067
2019-07-24,1.976426893359567
2019-07-25,1.9256205757094724
2019-07-26,1.9600959972287657
2019-07-29,1.9689771393392679
2019-07-30,1.9742604720685792
2019-07-31,1.9479393353176908
2019-08-01,1.9131309776673406
2019-08-02,1.9001668556609475
2019-08-05,1.8366502831905478
2019-08-06,1.8605808236842725
2019-08-07,1.8582356800568176
2019-08-08,1.8962092371978387
2019-08-09,1.8762618052851012
2019-08-13,1.8785645779077442
2019-08-14,1.805209030678077
2019-08-16,1.8402438854499215
2019-08-19,1.8807080052219
2019-08-20,1.8615011448532686
2019-08-21,1.867802470983396
2019-08-22,1.8646740512137652
2019-08-23,1.802538925457252
2019-08-27,1.8004357364715062
2019-08-28,1.8165844166278002
2019-08-29,1.8559819348081128
2019-08-30,1.8675275081633904
2019-09-03,1.8477720824995443
2019-09-04,1.8588148542643383
2019-09-05,1.9106971173687948
2019-09-06,1.9088556719538574
2019-09-09,1.928531594204559
2019-09-11,1.970144788402557
2019-09-12,1.9720117919608546
2019-09-17,1.9747453911640154
2019-09-18,1.9723869337797026
2019-09-19,1.9723477324138519
2019-09-20,1.9506761322110766
2019-09-24,1.9107844381592638
2019-09-25,1.9343853721837347
2019-09-26,1.9379646733704914
2019-09-27,1.9261717408338557
2019-09-30,1.926549002883096
2019-10-09,1.9122175464750555
2019-10-10,1.9306045009458073
2019-10-11,1.9503184671037603
2019-10-15,2.015092901387313
2019-10-16,2.0077954965984346
2019-10-17,2.024915311151474
2019-10-18,2.009333662023389
2019-10-23,2.046219676305808
2019-10-24,2.1014718577719274
2019-10-25,2.145252661450086
2019-10-29,2.1356586267609146
2019-10-30,2.136380004938202
2019-10-31,2.127321316841541
2019-11-01,2.153537083603524
2019-11-05,2.1911345786969796
2019-11-06,2.192239734455368
2019-11-07,2.2227056421422824
2019-11-08,2.2198247576361547
2019-11-11,2.216962192223772
2019-11-13,2.2073014480064295
2019-11-14,2.2182407522756686
2019-11-15,2.242963754591341
2019-11-18,2.2535297295578878
2019-11-19,2.2510608294377703
2019-11-20,2.242917371720134
2019-11-21,2.2543933934052998
2019-11-22,2.2361739867920183
2019-11-25,2.2637006364573575
2019-11-26,2.2516167218579914
2019-11-27,2.2573252378093076
2019-11-29,2.2464550818589792
2019-12-02,2.2296329006712807
2019-12-03,2.2172813237042086
2019-12-04,2.2375069951329474
2019-12-05,2.241078357498598
2019-12-06,2.2675922943129536
2019-12-09,2.266240410854679
2019-12-10,2.276000382284018
2019-12-11,2.2889358252499212
2019-12-12,2.3310875183450275
2019-12-13,2.322435846819664
2019-12-16,2.362287206993545
2019-12-17,2.3600954367300546
2019-12-18,2.3752061103291733
2019-12-19,2.39452209317365
2019-12-20,2.401762189293183
2019-12-23,2.4176196915537425
2019-12-24,2.4193561782411517
2019-12-27,2.429729507969319
2019-12-30,2.3996535781608492
2020-01-06,2.46607161175937
2020-01-07,2.471663833014925
2020-01-08,2.4978869964136066
2020-01-09,2.500460096071685
2020-01-10,2.4927023909533985
2020-01-14,2.540206078823852
2020-01-15,2.531982580531164
2020-01-16,2.5456354227278077
2020-01-17,2.5516276374245583
2020-01-21,2.570744529922915
2020-01-22,2.5852569550601916
2020-01-23,2.5871520510804924
2020-02-03,2.620218467580238
2020-02-04,2.6900295027449306
2020-02-05,2.6811773859862087
2020-02-06,2.693380957461596
2020-02-07,2.6831898121867606
2020-02-10,2.714009856062903
2020-02-12,2.756608373636097
2020-02-13,2.7642498977506755
2020-02-14,2.785153988411952
2020-02-18,2.811714926967331
2020-02-19,2.8769283501618825
2020-02-20,2.8490476377052145
2020-02-25,2.5537166612846947
2020-02-26,2.544545806350802
2020-02-27,2.3922982576270417
2020-02-28,2.4094905198929975
2020-03-02,2.535403901077682
2020-03-03,2.4594460662484856
2020-03-04,2.569024842300814
2020-03-05,2.448839579753822
2020-03-06,2.3901802620618775
2020-03-09,2.165049158854507
2020-03-11,2.1727426023403695
2020-03-12,1.9669124862120728
2020-03-13,2.109471785365486
2020-03-16,1.7971988071721468
2020-03-17,1.884537018000392
2020-03-18,1.6936925354706658
2020-03-19,1.7843475096599806
2020-03-23,1.678032105546206
2020-03-24,1.903229239351795
2020-03-25,1.9821852563582698
2020-03-26,2.0864372705189456
2020-03-27,1.9882998763798272
2020-03-30,2.0311117619206556
2020-03-31,2.0240394936681048
2020-04-01,1.9192623622804013
2020-04-03,1.88636346293373
2020-04-07,2.0606844266704254
2020-04-08,2.1561877996303362
2020-04-09,2.194031513645923
2020-04-15,2.267872665947005
2020-04-16,2.2878433874209274
2020-04-17,2.3678102052445054
2020-04-20,2.310266580231279
2020-04-21,2.218158716304279
2020-04-22,2.2882791798201
2020-04-23,2.296807739481626
2020-04-24,2.3276415105625485
2020-04-27,2.396697978893183
2020-04-28,2.371666219573671
2020-04-30,2.4247335125721747
2020-05-07,2.3613605200261465
2020-05-11,2.415350658763223
2020-05-12,2.374457002135899
2020-05-13,2.3035994203582892
2020-05-14,2.3539413324030196
2020-05-15,2.3604435262704655
2020-05-18,2.460011454476304
2020-05-19,2.4344604375694012
2020-05-20,2.4722582122943493
2020-05-21,2.470758034092542
2020-05-22,2.4789162868798944
2020-05-26,2.537296795111581
2020-05-27,2.576876480310859
2020-05-28,2.55709466942843
2020-05-29,2.5704759095961496
2020-06-01,2.6065395875364215
2020-06-02,2.6082246726206515
2020-06-03,2.6637912725391817
2020-06-04,2.6474188223915203
2020-06-05,2.7610652398123867
2020-06-08,2.8155018105008525
2020-06-09,2.7859839950371175
2020-06-10,2.7842195000093413
2020-06-11,2.5939131708476753
2020-06-12,2.6226076517908634
2020-06-15,2.672827223099817
2020-06-16,2.6962060300474944
2020-06-17,2.6813175606200774
2020-06-18,2.6799919437375657
2020-06-19,2.6573886204556665
2020-06-22,2.6733765202125896
2020-06-23,2.686925137809924
2020-06-24,2.595494814906574
2020-06-29,2.5971480047774294
2020-06-30,2.6524388009926505
2020-07-01,2.665976319956843
2020-07-02,2.712860253484162
2020-07-06,2.810475673159968
2020-07-07,2.7697863020354525
2020-07-08,2.7852062800742377
2020-07-09,2.755331629357251
2020-07-10,2.848931788681184
2020-07-13,2.827585154446081
2020-07-14,2.8835950551659226
2020-07-15,2.9061982782034264
2020-07-16,2.88981008909534
2020-07-17,2.8752371982612663
2020-07-20,2.917636203808615
2020-07-21,2.9330520037116417
2020-07-22,2.9398935658473873
2020-07-27,2.88398111732896
2020-07-28,2.8490618489858672
2020-07-29,2.88397935579611
2020-07-30,2.842575006128987
2020-07-31,2.80593288332615
2020-08-03,2.8401123729229054
2020-08-04,2.85664834626771
2020-08-05,2.89987656056593
2020-08-06,2.909532740357674
2020-08-07,2.913318319460269
2020-08-11,2.925851464976866
2020-08-12,3.0163286638164792
2020-08-13,3.0207527770347293
2020-08-14,3.03749768534406
2020-08-17,3.0907931033728104
2020-08-18,3.094115284419041
2020-08-19,3.0754597257253944
2020-08-20,3.0946245327953457
2020-08-21,3.11702060074152
2020-08-24,3.142788330653084
2020-08-25,3.1374257994550354
2020-08-26,3.1572696722071445
2020-08-27,3.1820809129368897
2020-08-28,3.22511060325407
2020-09-01,3.2472422879909657
2020-09-02,3.28197585591558
2020-09-03,3.15579485960999
2020-09-04,3.1464354306091593
2020-09-08,2.9629903042262584
2020-09-09,3.0549134815741246
2020-09-10,3.0138690737006044
2020-09-11,3.0168482761588447
2020-09-14,3.1184278505546787
2020-09-15,3.1366810163262424
2020-09-16,3.136983882148155
2020-09-17,3.1008097495504656
2020-09-18,3.093198546559837
2020-09-23,2.9057710242862793
2020-09-24,2.918169712486401
2020-09-25,2.984148720374022
2020-09-28,3.0416894068331195
2020-09-29,3.022742234787123
2020-09-30,3.05817931315927
2020-10-09,3.156687513644918
2020-10-12,3.2082356419254547
2020-10-13,3.195712451713
2020-10-14,3.19130658947237
2020-10-15,3.1912434158023424
2020-10-16,3.192185488235606
2020-10-19,3.1347556398789744
2020-10-20,3.140226371483041
2020-10-21,3.128740791216216
2020-10-22,3.193755984088073
2020-10-23,3.203418932544431
2020-10-26,3.1283313229883376
2020-10-27,3.095063621928724
2020-10-28,2.946786894767734
2020-10-29,3.0010053650140636
2020-10-30,2.9866709272222622
2020-11-02,3.0517965885617087
2020-11-04,3.207068463947149
2020-11-05,3.2710423640067345
2020-11-06,3.2565725655091526
2020-11-09,3.3941175944193467
2020-11-10,3.3806636401543244
2020-11-11,3.3871368087851756
2020-11-12,3.3524655174093567
2020-11-13,3.3828508875543357
2020-11-17,3.4830155211292215
2020-11-18,3.4988501435109045
2020-11-19,3.521661292487226
2020-11-20,3.4690524312014106
2020-11-24,3.6783759728273457
2020-11-25,3.6795457312225994
2020-11-27,3.6945555045257907
2020-12-01,3.657524115507303
2020-12-02,3.702526657355617
2020-12-03,3.731116653499876
2020-12-04,3.775618072002858
2020-12-07,3.791901231875182
2020-12-08,3.8172176833968168
2020-12-09,3.7423681779291713
2020-12-10,3.7616356542236464
2020-12-11,3.7401654222952465
2020-12-14,3.730210396940749
2020-12-15,3.7560040196556885
2020-12-16,3.746654765600299
2020-12-17,3.7716111266609915
2020-12-18,3.775003826989141
2020-12-21,3.7479212325958624
2020-12-23,3.7443659976205357
2020-12-24,3.755938581378844
2020-12-29,3.772124194574968
2020-12-30,3.8079377705500455
2021-01-04,3.816153053202058
2021-01-05,3.866045158036623
2021-01-06,3.917425250997936
2021-01-07,4.03876680730299
2021-01-08,4.092661236293834
2021-01-12,4.115263612573032
2021-01-13,4.118352780531017
2021-01-14,4.115291810902396
2021-01-15,4.033716888015511
2021-01-19,4.083845685291005
2021-01-20,4.127342820311693
2021-01-21,4.125942494498066
2021-01-22,4.093725333979391
2021-01-25,4.0896402792190925
2021-01-27,3.95611089449817
2021-01-28,4.0037172929248
2021-01-29,3.9226533730592648
2021-02-01,3.9938043995735053
2021-02-02,4.099581037398919
2021-02-03,4.161536484412893
2021-02-04,4.189632863555292
2021-02-05,4.205610937331863
2021-02-08,4.285797120126638
2021-02-09,4.270720537271759
2021-02-10,4.272035751027893
2021-02-18,4.2988187868796395
2021-02-19,4.312304359499506
2021-02-22,4.249290144049346
2021-02-24,4.377407024955078
2021-02-25,4.200042958005535
2021-02-26,4.178464361228324
2021-03-01,4.294835513137405
2021-03-02,4.243492617060031
2021-03-03,4.189216576124166
2021-03-04,4.156918474188103
2021-03-05,4.209624210060986
2021-03-08,4.12464681499628
2021-03-09,4.27972583497224
2021-03-10,4.314930434839342
2021-03-12,4.395232449226488
2021-03-15,4.411336070430718
2021-03-16,4.366250014208443
2021-03-17,4.406570296747224
2021-03-18,4.3052923033191
2021-03-19,4.311023467987365
2021-03-22,4.308148508095628
2021-03-23,4.274972899523753
2021-03-24,4.246837243020592
2021-03-25,4.273953530622751
2021-03-26,4.3061617402201495
2021-03-30,4.309755330612306
2021-03-31,4.342650013279024
2021-04-01,4.394290060637395
2021-04-06,4.435091062202434
2021-04-07,4.451845474939478
2021-04-08,4.4681250098270135
2021-04-09,4.501179621032656
2021-04-12,4.550147572400883
2021-04-13,4.612937136891954
2021-04-15,4.65682321918489
2021-04-16,4.653756621254736
2021-04-19,4.605711511483485
2021-04-20,4.569362015899109
2021-04-22,4.554312205383632
2021-04-23,4.631904616160897
2021-04-26,4.6517429411679005
2021-04-27,4.636210217372752
2021-04-28,4.669429419825069
2021-04-30,4.686013234659772
2021-05-06,4.732086832891005
2021-05-07,4.784036953338176
2021-05-10,4.700045928308696
2021-05-11,4.627101690203199
2021-05-12,4.525359818026849
2021-05-14,4.640361274205756
2021-05-17,4.645336535152976
2021-05-18,4.599966973766851
2021-05-19,4.563926504518152
2021-05-20,4.62966411900467
2021-05-21,4.6548588075942305
2021-05-24,4.7445690929664375
2021-05-25,4.724226187272594
2021-05-26,4.759381599982222
2021-05-27,4.776354524924671
2021-05-28,4.802972992081286
2021-06-01,4.833195069988223
2021-06-02,4.833050736325033
2021-06-03,4.806502025537979
2021-06-04,4.878878110061104
2021-06-07,4.874185321607671
2021-06-08,4.8866360314364545
2021-06-09,4.871020045157636
2021-06-10,4.881550013991413
2021-06-11,4.886432591277944
2021-06-15,4.885638895891466
2021-06-16,4.880596388678011
2021-06-17,4.877869635752716
2021-06-18,4.823654293290396
2021-06-21,4.8867209095264075
2021-06-22,4.918905454249205
2021-06-23,4.956939008617834
2021-06-24,5.009466460384116
2021-06-25,5.011598209305979
2021-06-28,5.0280233928012485
2021-06-29,4.999688994492742
2021-06-30,5.0170216053368915
2021-07-01,5.053422122439059
2021-07-02,5.087984309930519
2021-07-06,5.04146112091409
2021-07-07,5.008199066124026
2021-07-08,4.974066460609988
2021-07-09,5.033204179894302
2021-07-12,5.101852797876521
2021-07-13,5.059249864954285
2021-07-14,5.005676343308739
2021-07-15,4.971016426795344
2021-07-16,4.888473835077628
2021-07-19,4.815558726063808
2021-07-20,4.893260333877662
2021-07-26,5.012361095102241
2021-07-27,4.9932942044632425
2021-07-28,4.99206986876201
2021-07-29,5.055752086493563
2021-07-30,5.025337374675705
2021-08-02,5.062399544922296
2021-08-03,5.104783360028046
2021-08-04,5.0781860444571585
2021-08-05,5.104726925680692
2021-08-06,5.121787172050802
2021-08-10,5.130319302685545
2021-08-11,5.1290120750392365
2021-08-12,5.148053761593015
2021-08-13,5.1383785508386515
2021-08-16,5.0977346276407856
2021-08-17,5.039394129885158
2021-08-18,5.006551565019681
2021-08-20,5.061820974215491
2021-08-23,5.182595855475329
2021-08-24,5.197496222528791
2021-08-25,5.2303390705073
2021-08-26,5.19074149086859
2021-08-27,5.263196830345312
2021-08-31,5.243614739905109
2021-09-01,5.230514574036144
2021-09-02,5.255933123739966
2021-09-03,5.258211034828249
2021-09-07,5.2615194455975915
2021-09-08,5.2266145632048175
2021-09-09,5.23174597383369
2021-09-13,5.234912797323171
2021-09-14,5.203801947820459
2021-09-15,5.286096732879208
2021-09-16,5.262422285755343
2021-09-17,5.227705227750093
2021-09-22,5.207668540592384
2021-09-24,5.323204827431154
2021-09-27,5.358481452843095
2021-09-28,5.26933993893952
2021-09-29,5.260747805258452
2021-09-30,5.204827797127304
2021-10-08,5.407264275558716
2021-10-11,5.365165244977344
2021-10-12,5.351197230799756
2021-10-13,5.35079996497009
2021-10-14,5.457413327195783
2021-10-18,5.576240748939224
2021-10-19,5.603085583007591
2021-10-20,5.62929581761
2021-10-21,5.670740003237991
2021-10-22,5.693851720371594
2021-10-25,5.820970840153906
2021-10-26,5.888344151258513
2021-10-27,5.894511465658463
2021-10-28,5.960439483486644
2021-10-29,6.029532265723719
2021-11-01,6.0854486244465
2021-11-02,6.072456033906212
2021-11-04,6.238856259362763
2021-11-08,6.284790268934799
2021-11-09,6.180309188500212
2021-11-10,6.134081164820456
2021-11-11,6.144683430014011
2021-11-12,6.1277611842029485
2021-11-15,6.093951369681248
2021-11-16,6.128662836520947
2021-11-17,6.099872567719421
2021-11-18,6.170988465418681
2021-11-22,6.1596213213949245
2021-11-24,6.217635778993314
2021-11-26,6.014125239194985
2021-11-29,6.152885672345299
2021-11-30,6.043831312393862
2021-12-01,5.943006754872912
2021-12-02,6.036797111682784
2021-12-03,5.9177267788517245
2021-12-06,5.9697521659833885
2021-12-07,6.142559313754705
2021-12-08,6.160384735558842
2021-12-09,6.071958340117789
2021-12-10,6.089496286107329
2021-12-13,5.9279519612881
2021-12-14,5.915567323143687
2021-12-15,6.023802925198827
2021-12-16,5.911910968765547
2021-12-17,5.835972300384019
2021-12-20,5.756449927268191
2021-12-21,5.905368575291393
2021-12-22,6.0200297764351545
2021-12-23,6.091897708374662
2021-12-29,6.1514907109187
2021-12-30,6.11496333465929
2022-01-04,6.306350650476363
2022-01-05,6.152141005456698
2022-01-06,6.149695478631306
2022-01-07,6.084980179335228
2022-01-11,6.2092660955526675
2022-01-12,6.275021209881485
2022-01-13,6.138375691238217
2022-01-14,6.141197264710498
2022-01-18,6.018018246357705
2022-01-19,5.937121350220106
2022-01-20,5.876041244703512
2022-01-21,5.7419611043725105
2022-01-24,5.748403990605288
2022-01-25,5.72228939875392
2022-01-27,5.638736608445767
2022-01-28,5.740572014169852
2022-02-07,6.0804316094894615
2022-02-08,6.130465690904045
2022-02-09,6.226109723737276
2022-02-10,6.111367734925542
2022-02-14,5.963243147152846
2022-02-15,6.10687787374804
2022-02-16,6.130616726208391
2022-02-17,5.943974280722848
2022-02-18,5.864480838148683
2022-02-22,5.7948562990208465
2022-02-24,5.759558770480186
2022-02-25,5.905767013300819
2022-02-28,5.989848857294077
2022-03-02,6.001205018254447
2022-03-03,5.93464253816784
2022-03-04,5.919053174261045
2022-03-07,5.756398347421258
2022-03-08,5.738003503028847
2022-03-09,5.910879803771179
2022-03-10,5.896366399108645
2022-03-11,5.769306554891775
2022-03-14,5.675290065007832
2022-03-15,5.7836854029053
2022-03-16,5.922640849861148
2022-03-17,6.0346569193796205
2022-03-22,6.328792960310604
2022-03-23,6.282858694791646
2022-03-24,6.43350303098054
2022-03-25,6.45077199001359
2022-03-28,6.505220075457565
2022-03-29,6.522671257841022
2022-03-30,6.5104227424750105
2022-03-31,6.3866441763489545
2022-04-01,6.394145323376375
2022-04-06,6.2649077523521015
2022-04-07,6.306728762400184
2022-04-08,6.268320694441946
2022-04-11,6.117485601259188
2022-04-12,6.108086131865095
2022-04-13,6.17689420444876
2022-04-19,6.230702740218593
2022-04-20,6.1647819386526965
2022-04-21,6.060127100831285
2022-04-22,5.910486801873067
2022-04-25,5.916263413666926
2022-04-26,5.695134470801693
2022-04-27,5.662999362576265
2022-04-28,5.79801361388162
2022-05-06,5.6970000981213165
2022-05-09,5.401627981292157
2022-05-10,5.442234256751884
2022-05-11,5.333654718751478
2022-05-12,5.2965438981484665
2022-05-13,5.477063789554319
2022-05-16,5.423860619205927
2022-05-17,5.579060746992251
2022-05-18,5.361023347951242
2022-05-19,5.347112489872998
2022-05-20,5.278830079961578
2022-05-23,5.404608601932743
2022-05-24,5.3127536215671185
2022-05-25,5.411946940018399
2022-05-26,5.561633871370367
2022-05-27,5.73672739196837
2022-05-31,5.700675516750171
2022-06-01,5.6585406723106875
2022-06-06,5.695294561224379
2022-06-07,5.783480113263613
2022-06-08,5.762029720151672
2022-06-09,5.654634017492199
2022-06-10,5.481336735854021
2022-06-13,5.220120503644127
2022-06-14,5.2209622932323
2022-06-15,5.328083523509849
2022-06-16,5.119799922235196
2022-06-17,5.097427995181448
2022-06-21,5.3670031284679185
2022-06-22,5.3318535722863
2022-06-23,5.304578611847314
2022-06-24,5.471788846905757
2022-06-27,5.478685539917403
2022-06-28,5.384925057913365
2022-06-29,5.32298688336211
2022-06-30,5.25203685156662
2022-07-01,5.266822541689814
2022-07-05,5.266144857262864
2022-07-06,5.2835618481536075
2022-07-07,5.430441850363728
2022-07-08,5.469787721925474
2022-07-11,5.340925870993672
2022-07-12,5.307461363064878
2022-07-13,5.2618486616054385
2022-07-14,5.217487471091477
2022-07-15,5.3475146974310785
2022-07-19,5.508685275343833
2022-07-20,5.549652275698382
2022-07-21,5.637588237883487
2022-07-22,5.54234733780007
2022-07-25,5.561490412297748
2022-07-26,5.441205253073829
2022-07-27,5.642358428874804
2022-07-28,5.7117196655565525
2022-07-29,5.831859312526984
2022-08-01,5.7968938294596395
2022-08-02,5.801096946342528
2022-08-03,5.853638301103645
2022-08-04,5.80134684136457
2022-08-05,5.773439607352796
2022-08-08,5.708148865521952
2022-08-10,5.82373091820427
2022-08-12,5.962893834878716
2022-08-16,5.979805812555469
2022-08-17,5.930201741008009
2022-08-18,5.967331859437987
2022-08-19,5.857838087993277
2022-08-22,5.7442828032947615
2022-08-23,5.787073272582559
2022-08-24,5.80612184532738
2022-08-25,5.915186942258254
2022-08-26,5.688256726639674
2022-08-30,5.561209593264969
2022-09-01,5.44349530589532
2022-09-02,5.388236182253134
2022-09-06,5.3747177109107485
2022-09-07,5.453063940487866
2022-09-08,5.5018319609694695
2022-09-09,5.59751297781018
2022-09-13,5.3778557199894506
2022-09-14,5.4447324082014985
2022-09-15,5.42344119983679
2022-09-16,5.411588348691467
2022-09-20,5.398129577082939
2022-09-21,5.311517237611754
2022-09-22,5.233250459739132
2022-09-26,5.049358072547793
2022-09-27,5.081108089318909
2022-09-28,5.201753215881213
2022-09-29,5.071441782590886
2022-09-30,5.012174250582343
2022-10-11,4.955086040544169
2022-10-12,4.955440551778646
2022-10-13,5.102732809347348
2022-10-14,4.962528843822684
2022-10-17,5.148414099299144
2022-10-18,5.206431700787011
2022-10-19,5.216918804248406
2022-10-20,5.17406373119199
2022-10-21,5.304869646304177
2022-10-24,5.340396227933592
2022-10-25,5.418593938511988
2022-10-27,5.388560742087016
2022-10-28,5.544427451960334
2022-10-31,5.508972320278914
2022-11-01,5.494986454658596
2022-11-02,5.3617830629596925
2022-11-04,5.42860457198303
2022-11-07,5.446039946000784
2022-11-09,5.272826801269506
2022-11-10,5.563222624345874
2022-11-11,5.595631237785416
2022-11-14,5.543194507120529
2022-11-15,5.6050099692037065
2022-11-16,5.534023574957273
2022-11-17,5.512287850042714
2022-11-18,5.51067918906217
2022-11-21,5.4117600244363055
2022-11-22,5.51761773661961
2022-11-25,5.621450563181771
2022-11-28,5.537897997666198
2022-11-29,5.529057171911038
2022-11-30,5.759553629349442
2022-12-01,5.74314293589884
2022-12-02,5.7281366297058955
2022-12-05,5.605583368272363
2022-12-06,5.513454714338264
2022-12-07,5.482640414194262
2022-12-08,5.545855141595249
2022-12-09,5.523014733073042
2022-12-12,5.554238068564211
2022-12-13,5.564908448826048
2022-12-14,5.5132789646635745
2022-12-15,5.397293782654296
2022-12-16,5.3235049114798745
2022-12-19,5.294432826688832
2022-12-20,5.244388749809726
2022-12-21,5.308357322196399
2022-12-22,5.136818254296106
2022-12-23,5.165112067269608
2022-12-28,5.017696067064737
2022-12-29,5.145313808901573
2022-12-30,5.16925430500434
2023-01-04,5.071619989999419
2023-01-05,5.006416671387756
2023-01-06,5.0988757749224805
2023-01-10,5.1731571288254035
2023-01-11,5.252509754402069
2023-01-12,5.299026602618468
2023-01-13,5.311320163630218
2023-01-17,5.376409277964291
2023-01-18,5.269470864815637
2023-01-19,5.246858447917516
2023-01-20,5.394686675413821
2023-01-30,5.692110444714847
2023-01-31,5.810186372766116
2023-02-01,5.895320265154051
2023-02-02,5.9320534798182365
2023-02-03,5.90502385151041
2023-02-06,5.931206302668606
2023-02-07,6.060542087825626
2023-02-08,6.0130129004577855
2023-02-09,6.000948467469076
2023-02-10,5.9904271216552045
2023-02-13,6.010391920868977
2023-02-14,6.117293474844973
2023-02-15,6.149055070824451
2023-02-16,6.03180154521682
2023-02-17,6.018556639960964
2023-02-21,5.8835515638315234
2023-02-22,5.877522332138329
2023-02-24,5.952392407369976
2023-02-27,6.013997875295887
2023-02-28,5.977370049513265
2023-03-01,5.949220634021763
2023-03-02,5.9472778061503835
2023-03-03,6.042724926147676
2023-03-06,6.038417395651871
2023-03-08,5.904665076502476
2023-03-09,5.743743907452995
2023-03-10,5.7212058173558695
2023-03-13,5.726277378747175
2023-03-14,5.86251330091923
2023-03-15,5.774943814055349
2023-03-16,5.917376665511926
2023-03-17,5.850237603552108
2023-03-20,5.925574860796467
2023-03-22,6.007839692440072
2023-03-23,6.0245722693353025
2023-03-24,6.004790918483835
2023-03-27,6.037115695861811
2023-03-28,6.002894765136679
2023-03-29,6.060924121967683
2023-03-31,6.191439456276721
2023-04-03,6.266590503218288
2023-04-06,6.218989137030308
2023-04-11,6.2463838258832505
2023-04-12,6.202237884515617
2023-04-13,6.269978337186392
2023-04-17,6.323112364681659
2023-04-18,6.360946713875259
2023-04-19,6.308504178492062
2023-04-20,6.1832477964233385
2023-04-21,6.18461537898412
2023-04-24,6.2048609543094555
2023-04-25,6.112017398693262
2023-04-26,6.027999057139037
2023-04-27,6.155380516675714
2023-04-28,6.220088255130919
2023-05-09,6.154066792306447
2023-05-10,6.184798987571673
2023-05-11,6.202211506956297
2023-05-12,6.17732076640956
2023-05-15,6.188457433774588
2023-05-16,6.169251886286011
2023-05-17,6.313882446011622
2023-05-18,6.395625823055418
2023-05-19,6.399830320346391
2023-05-22,6.441312518550975
2023-05-23,6.378421726049846
2023-05-24,6.3481219726447975
2023-05-25,6.57192413204802
2023-05-26,6.6598117694829275
2023-05-30,6.709026634291796
2023-05-31,6.636453257598119
2023-06-01,6.765851676713297
2023-06-02,6.866649760331824
2023-06-05,6.870317319822852
2023-06-06,6.890154215702767
2023-06-07,6.8687237657961715
2023-06-08,6.9571980270294524
2023-06-09,7.010009379797109
2023-06-12,7.0523128684067995
2023-06-13,7.135662941559432
2023-06-14,7.06651216234261
2023-06-15,7.114121076068179
2023-06-16,7.094574969126624
2023-06-20,7.168745328880144
2023-06-21,7.113932375353516
2023-06-26,6.9274980550938965
2023-06-27,7.004302794364523
2023-06-28,7.007777650185204
2023-06-30,7.159264703681201
2023-07-03,7.237850538873162
2023-07-05,7.234926620180918
2023-07-06,7.138767406107421
2023-07-07,7.120980259108778
2023-07-10,7.092356672095569
2023-07-11,7.139320013602841
2023-07-12,7.173001705893315
2023-07-13,7.269290307976984
2023-07-14,7.313079781281014
2023-07-18,7.456167648013071
2023-07-19,7.4453497316399115
2023-07-20,7.329125417447066
2023-07-21,7.289903911965232
2023-07-24,7.3947796577615055
2023-07-25,7.303561685441928
2023-07-26,7.337956665197882
2023-07-27,7.288013405176987
2023-07-28,7.391395900016889
2023-07-31,7.448325304153801
2023-08-01,7.393865621234769
2023-08-02,7.233698147110382
2023-08-03,7.27652098225801
2023-08-04,7.251488627504545
2023-08-07,7.316712256160585
2023-08-08,7.289678565337251
2023-08-09,7.210663198341612
2023-08-10,7.2088620095882545
2023-08-14,7.2742300908859345
2023-08-16,7.079988365933003
2023-08-17,7.0556412373507635
2023-08-18,7.053679336977047
2023-08-21,7.205774247264816
2023-08-22,7.151415945319229
2023-08-23,7.228030814461669
2023-08-24,7.155504158133095
2023-08-25,7.184423597701807
2023-08-29,7.406288025390715
2023-08-30,7.443430946963571
2023-08-31,7.406239782754106
2023-09-01,7.358195627699415
2023-09-05,7.391197468110398
2023-09-06,7.309529325484262
2023-09-07,7.309400095484901
2023-09-08,7.290360580527916
2023-09-11,7.296964928318967
2023-09-12,7.2809156390539815
2023-09-13,7.3120295491645155
2023-09-14,7.390082076073024
2023-09-15,7.331233892632184
2023-09-20,7.204947054751877
2023-09-21,7.0949985225011085
2023-09-22,7.053032067205473
2023-09-25,7.114819787779876
2023-09-26,7.058972290913665
2023-09-27,7.117045939399557
2023-09-28,7.1767161871185765
2023-10-10,7.323884450601588
2023-10-11,7.3284923718379575
2023-10-12,7.304824188701141
2023-10-13,7.303682355329498
2023-10-16,7.351698335337495
2023-10-17,7.3176470594212475
2023-10-18,7.220565330922246
2023-10-19,7.1029563158864715
2023-10-20,6.971018833699724
2023-10-23,6.987546127144309
2023-10-25,6.956591404347228
2023-10-26,6.864928499830013
2023-10-27,6.815430448480303
2023-10-30,6.821268864562102
2023-10-31,6.882514150112097
2023-11-01,6.960285805990506
2023-11-02,7.124537478347951
2023-11-06,7.182495393148177
2023-11-07,7.203283715153974
2023-11-08,7.220431110248342
2023-11-09,7.152325561022024
2023-11-10,7.248159785739989
2023-11-13,7.301217131931195
2023-11-15,7.417769308664939
2023-11-16,7.413388121035797
2023-11-17,7.420508612215901
2023-11-20,7.447343649463792
2023-11-21,7.460809691889483
2023-11-22,7.443409396605509
2023-11-24,7.430696293509284
2023-11-28,7.468817415645961
2023-11-29,7.436246950181413
2023-11-30,7.427979469130993
2023-12-01,7.428708353790842
2023-12-04,7.378999874297313
2023-12-05,7.409422004826714
2023-12-06,7.354177741455159
2023-12-07,7.4280147192206805
2023-12-08,7.464564971432282
2023-12-11,7.412077243651299
2023-12-12,7.4008229715835006
2023-12-13,7.470918494478962
2023-12-14,7.525011476567631
2023-12-15,7.526578960507432
2023-12-18,7.584313259823612
2023-12-19,7.652861941413321
2023-12-20,7.528986028898313
2023-12-21,7.621279460963423
2023-12-22,7.63477582669381
2023-12-27,7.70441500334263
2023-12-28,7.665109623824937
2023-12-29,7.641373058488171
2024-01-04,7.635553860886582
2024-01-05,7.645691216179561
2024-01-09,7.730774896570816
2024-01-10,7.754311292613424
2024-01-11,7.720643464038259
2024-01-12,7.664466793190665
2024-01-16,7.654711499648438
2024-01-17,7.610252271844978
2024-01-18,7.615849921400624
2024-01-19,7.679522869865525
2024-01-23,7.756043030212155
2024-01-24,7.812464601576305
2024-01-25,7.725481469510892
2024-01-29,7.823394503336862
2024-01-30,7.865802764686902
2024-01-31,7.726215096043983
2024-02-01,7.763760015522674
2024-02-02,7.826069928310135
2024-02-05,7.830897378058431
2024-02-06,7.870861424638238
2024-02-07,7.9433902168999815
2024-02-08,7.958027413094694
2024-02-20,7.97190166534836
2024-02-21,7.981544827353089
2024-02-22,8.217187920110556
2024-02-26,8.184168163982946
2024-02-27,8.168515421276828
2024-02-28,8.11268668415575
2024-02-29,8.151884001037097
2024-03-01,8.190697974169321
2024-03-04,8.091697532000861
2024-03-05,8.059295078471843
2024-03-06,8.078202791047561
2024-03-07,8.182141801317943
2024-03-11,8.182965758351644
2024-03-12,8.254891570063863
2024-03-13,8.225400303093119
2024-03-14,8.186598515675735
2024-03-15,8.206957193084232
2024-03-18,8.363641698894963
2024-03-19,8.403516154283997
2024-03-21,8.47336934078642
2024-03-22,8.51948505590187
2024-03-26,8.555245345431018
2024-03-27,8.597508783119315
2024-03-28,8.597307545015294
2024-04-02,8.495509777790042
2024-04-03,8.494237339639307
2024-04-08,8.565520173677157
2024-04-09,8.588613504686736
2024-04-10,8.544761263060169
2024-04-12,8.425579988935551
2024-04-15,8.317207835432173
2024-04-16,8.350432612575485
2024-04-18,8.331153340664379
2024-04-19,8.248833160368306
2024-04-22,8.283252140461057
2024-04-23,8.37055600904175
2024-04-24,8.488322499786323
2024-04-25,8.599025508988195
2024-04-26,8.750386593230349
2024-04-30,8.741541180639926
2024-05-07,8.871026951991688
2024-05-08,8.873648269297394
2024-05-09,8.902017593132797
2024-05-10,8.907277336385462
2024-05-13,8.935368864780033
2024-05-14,9.028344740574717
2024-05-15,9.08208914074776
2024-05-16,9.094199118529575
2024-05-17,9.143579004120992
2024-05-21,9.228319985242884
2024-05-22,9.136090466739768
2024-05-23,9.136232766463696
2024-05-24,9.233454988937664
2024-05-28,9.307679976767691
2024-05-29,9.224096112691099
2024-05-30,9.183819649529276
2024-05-31,9.294004771525849
2024-06-03,9.31217199964081
2024-06-04,9.312611571637635
2024-06-05,9.390730260655891
2024-06-06,9.408450070436137
2024-06-07,9.361087974885077
2024-06-11,9.284704111183835
2024-06-12,9.349235474065441
2024-06-13,9.408157591283553
2024-06-14,9.389991641128354
2024-06-18,9.459509401580585
2024-06-20,9.451496225389214
2024-06-21,9.411725853613419
2024-06-24,9.35438011596673
2024-06-25,9.493237266196202
2024-06-26,9.550995559389143
2024-06-27,9.559254088808625
2024-06-28,9.617083144905166
2024-07-01,9.685574468046411
2024-07-02,9.859795745853601
2024-07-03,10.009485843882086
2024-07-05,9.999814506987041
2024-07-08,10.011478198590858
2024-07-09,10.123614712027925
2024-07-10,10.218188746060386
2024-07-11,10.01301776971396
2024-07-12,10.06952837687101
2024-07-16,10.311085345105868
2024-07-18,10.211425569303806
2024-07-19,10.069211324791329
2024-07-22,10.233064885174747
2024-07-23,10.177638704205592
2024-07-24,9.846073808693292
2024-07-25,9.953424610735603
2024-07-26,10.011000914019467
2024-07-29,10.067545157843854
2024-07-30,10.023855075723732
2024-07-31,10.27509290370229
2024-08-01,10.003295019813661
2024-08-02,9.861217178691495
2024-08-05,9.52885971036482
2024-08-06,9.6093692287509
2024-08-07,9.490297604908228
2024-08-08,9.711806479930207
2024-08-09,9.747575719388758
2024-08-13,10.00802451407989
2024-08-14,10.0061526330333
2024-08-16,10.24720291913476
2024-08-19,10.410456820153305
2024-08-20,10.316922519775645
2024-08-21,10.31025265806398
2024-08-22,10.190222170084633
2024-08-23,10.39247212438913
2024-08-27,10.34545703568577
2024-08-28,10.285901833917777
2024-08-29,10.237651180885852
2024-08-30,10.354474881758097
2024-09-03,10.063577532057959
2024-09-04,10.083387879498273
2024-09-05,10.114196165587014
2024-09-06,9.82197797122898
2024-09-09,9.970400991145656
2024-09-10,9.93779589168405
2024-09-11,10.049229033605918
2024-09-12,10.141563212465798
2024-09-13,10.156137156117364
2024-09-18,10.11528788553203
2024-09-19,10.339913280042778
2024-09-20,10.276168285199173
2024-09-24,10.477708820037432
2024-09-25,10.495222583953751
2024-09-26,10.453294871599848
2024-09-27,10.535738923426704
2024-09-30,10.598011843492253
2024-10-08,10.720089144316646
2024-10-09,10.72230835638797
2024-10-10,10.747208207179595
2024-10-11,10.712152395729975
2024-10-15,10.577454484755688
2024-10-16,10.70307338365985
2024-10-17,10.674716348471396
2024-10-18,10.70418014574512
2024-10-21,10.751144914996674
2024-10-22,10.759937898463008
2024-10-23,10.66091660992461
2024-10-24,10.97181762185288
2024-10-25,11.05072159464978
2024-10-28,11.03309747067959
2024-10-29,10.968054772580366
2024-10-30,10.973928879705118
2024-10-31,10.799232522537228
2024-11-01,10.786897081005579
2024-11-05,10.887663306669557
2024-11-06,11.56496903850138
2024-11-07,11.621017255672669
2024-11-08,11.801011896377199
2024-11-11,11.991920425975945
2024-11-12,11.889951561643212
2024-11-13,11.857707216972944
2024-11-14,11.64057603235625
2024-11-18,11.731730182145094
2024-11-19,11.797373513208933
2024-11-21,11.80600846508508
2024-11-22,11.79813322957311
2024-11-25,11.689576190526587
2024-11-26,11.710837297862131
2024-11-27,11.662116907855696
2024-11-29,11.785521333516757
2024-12-02,11.799799051566648
2024-12-03,11.763527767125288
2024-12-04,11.856301795742091
2024-12-05,11.816625968961608
2024-12-06,11.799398302316364
2024-12-09,11.75270507046117
2024-12-10,11.863667581205126
2024-12-11,11.998674314358931
2024-12-12,11.834935687421462
2024-12-13,11.864856364783392
2024-12-16,11.89540709056711
2024-12-17,11.85753133176142
2024-12-18,11.563137360958196
2024-12-19,11.551460882287753
2024-12-20,11.66319122635487
2024-12-23,11.82372296043958
2024-12-24,11.999721973116827
2024-12-27,11.820942124597195
2024-12-30,11.70617825460217
2025-01-06,11.92542981524987
2025-01-07,11.784341452728809
2025-01-08,11.796753904339907
2025-01-10,11.673410546164913
2025-01-14,11.850631316310754
2025-01-15,12.151444991941796
2025-01-16,11.961747798224751
2025-01-17,12.149330022987408
2025-01-21,12.328171498990733
2025-01-22,12.30373499200695
2025-01-23,12.381741098659377
2025-01-24,12.286269017354845
2025-01-27,11.940794101179081
2025-02-05,12.016788181356983
2025-02-06,12.03464247545859
2025-02-07,11.916556335295615
2025-02-10,11.951446349033514
2025-02-12,11.774210168079732
2025-02-13,11.963901009556519
2025-02-14,11.931351136111829
2025-02-18,11.915311103909263
2025-02-19,12.012383324035198
2025-02-20,11.90630755284644
2025-02-21,11.537220757890832
2025-02-25,11.243782173954296
2025-02-27,11.036484664236568
2025-02-28,11.281719927204733
2025-03-03,10.969585066207543
2025-03-04,10.863123791685382
2025-03-05,10.935770774775223
2025-03-06,10.77502439654891
2025-03-07,10.826633055630555
2025-03-10,10.38301768330681
2025-03-11,10.406354495672435
2025-03-12,10.616576803374048
2025-03-13,10.522421977693961
2025-03-17,10.790450175789886
2025-03-18,10.646694433736526
2025-03-19,10.858027234786123
2025-03-21,10.970450567545894
2025-03-24,11.313747302104751
2025-03-25,11.421032092835066
2025-03-26,11.204967443268977
2025-03-27,11.10708771394294
2025-03-28,10.893608922357572
2025-04-01,11.014743503269942
2025-04-02,11.115071621997929
2025-04-03,10.66526785208926
2025-04-07,9.96525184630217
2025-04-08,9.951815540584459
2025-04-09,11.025911252920864
2025-04-11,10.87565028214821
2025-04-15,10.840154436610744
2025-04-16,10.630344452683607
2025-04-17,10.275953812590394
2025-04-22,10.005263777306594
2025-04-23,10.277138262771485
2025-04-24,10.464618303006695
2025-04-25,10.710116044159786
2025-04-28,10.66894258448451
2025-04-30,10.589276760025983
2025-05-07,10.55080879017853
2025-05-08,10.669116939683178
2025-05-09,10.714344453161653
2025-05-12,11.03589931175482
2025-05-13,10.959141000231162
2025-05-14,11.131250241989807
2025-05-15,11.000518336898939
2025-05-16,11.15415955733171
2025-05-19,11.234261281575625
2025-05-20,11.21452060804193
2025-05-21,11.020449598049915
2025-05-22,11.024967732080725
2025-05-23,10.960008608736143
2025-05-27,11.213105358888196
2025-05-28,11.141187150947863
2025-05-29,11.233904453595056
2025-05-30,11.164267529705953
2025-06-03,11.224010758800995
2025-06-04,11.163363873113521
2025-06-05,10.879072334260885
2025-06-06,11.100809380623987
2025-06-09,11.24766182250292
2025-06-10,11.396138603795968
2025-06-11,11.478090175116263
2025-06-12,11.488716525456072
2025-06-13,11.521038395048073
2025-06-16,11.619416174081753
2025-06-17,11.588495455369097
2025-06-18,11.58104656471898
2025-06-20,11.512775331722109
2025-06-23,11.595518952250874
2025-06-24,11.566257457473903
2025-06-25,11.604075909959217
2025-06-26,11.701734945433211
2025-06-27,11.797345315670134
2025-06-30,11.78403010123438
2025-07-01,11.720431537956358
2025-07-02,11.819087548019299
2025-07-03,11.916008903145212
2025-07-07,11.696062841144764
2025-07-08,11.718171815500298
2025-07-09,11.746492215253213
2025-07-10,11.878389809274685
2025-07-11,11.962590654282744
2025-07-14,11.983266907588847
2025-07-15,11.93677501735499
2025-07-16,12.016496662482835
2025-07-17,12.034499667553963
2025-07-18,12.011178503675351
2025-07-22,12.029245748296855
2025-07-23,12.247031583083112
2025-07-24,12.064312907654529
2025-07-25,12.170262784311014
2025-07-28,12.2613203670842
2025-07-29,12.149114918621457
2025-07-30,12.230794764978405
2025-07-31,11.976416890185625
2025-08-01,11.719971659801107
2025-08-04,11.890618691647532
2025-08-05,11.90805842273246
2025-08-06,11.941337928124662
2025-08-07,11.927491443783302
2025-08-08,12.084197581712086
2025-08-12,12.258957842266325
2025-08-13,12.308171844439274
2025-08-14,12.308679263967004
2025-08-18,12.552337789432253
2025-08-19,12.402968668672942
2025-08-20,12.387414676022027
2025-08-21,12.39068742576105
2025-08-22,12.670030153497654
2025-08-26,12.796383705595629
2025-08-28,12.859179518766084
2025-08-29,12.783718546318525
2025-09-02,12.693100515882358
2025-09-03,12.831546955678727
2025-09-04,12.935353127104438
2025-09-05,12.879321749279972
2025-09-08,12.855045369936455
2025-09-09,13.103733852936436
2025-09-10,13.259379426648719
2025-09-11,13.47717583812949
2025-09-12,13.611542955222687
2025-09-16,13.82019026665653
2025-09-17,13.81001727084636
2025-09-18,13.802177059853419
2025-09-19,13.87552050109095
2025-09-22,13.986184536055775
2025-09-24,14.051046204878421
2025-09-25,13.932820025744764
2025-09-26,14.094644483369132
2025-09-29,14.081877537225454
2025-09-30,14.153028524282957
2025-10-09,14.182885924413036
2025-10-10,13.743277784321652
2025-10-14,13.943095169840863
2025-10-15,14.001471495905866
2025-10-16,13.907084175974022
2025-10-17,14.019693735912039
2025-10-20,14.195632868780493
2025-10-21,14.23786538281748
2025-10-23,14.38714560950343
2025-10-24,14.451825205870536
2025-10-27,14.735435910519406
2025-10-28,14.862295903035692
2025-10-29,14.910698100259845
2025-10-30,14.766273868002239
2025-10-31,14.839116496255258
2025-11-04,14.596203763578327
2025-11-06,14.517403982282524
2025-11-07,14.494687482978797
2025-11-10,14.813635929430363
2025-11-11,14.793043987345982
2025-11-12,14.785137760126387
2025-11-13,14.3629495227303
2025-11-14,14.3365619741552
2025-11-17,14.327675747953284
