,GSPC-Close,SS-Close,N225-Close,DAX-Close,NSEI-Close,FTSE-Close,FCHI-Close,EURUSD-Close,JPYUSD-Close,GBPUSD-Close,CHFUSD-Close,AUDUSD-Close,GC-Close,SI-Close,CL-Close,HG-Close,step
2020-12-21,0.063762486,0.061661903,0.0657229,0.06605343,0.06150782,0.061358333,0.065430075,0.061839845,0.060538836,0.060784716,0.060132127,0.06440433,0.05833153,0.06237204,0.06447213,0.061627474,step_1000
2021-01-04,0.061557688,0.06373887,0.06290553,0.064455375,0.06349628,0.0624118,0.06335547,0.06224485,0.06473513,0.058092747,0.06182734,0.06151059,0.06020417,0.061353136,0.063996844,0.06411419,step_1000
2021-01-12,0.06610219,0.06398335,0.063505,0.060736902,0.06291211,0.06251308,0.061436683,0.06181912,0.06397505,0.06291356,0.059767306,0.059564278,0.061640434,0.06427757,0.06001752,0.06483588,step_1000
2021-01-20,0.06686406,0.06367946,0.060038492,0.061001975,0.062416077,0.060768418,0.058823142,0.062229205,0.06305736,0.062421944,0.060558595,0.0603989,0.06514697,0.06773408,0.059461024,0.06540027,step_1000
2021-01-28,0.065486036,0.066839166,0.058372114,0.062144533,0.06136539,0.059655756,0.062116574,0.06146653,0.06209093,0.05941105,0.06290581,0.06256827,0.06204427,0.06348865,0.06256268,0.06748225,step_1000
2021-02-04,0.06860995,0.07339761,0.059884313,0.059859462,0.06731008,0.0629451,0.059582762,0.06017886,0.06480385,0.06672249,0.05889035,0.0561571,0.05344584,0.06456898,0.055588167,0.068055056,step_1000
2021-02-18,0.0669722,0.06666843,0.0615976,0.06140227,0.062511206,0.06139956,0.062254623,0.058084626,0.061503004,0.062403094,0.058842447,0.06139361,0.061064564,0.06549568,0.058739923,0.06966718,step_1000
2021-02-26,0.062363274,0.06835006,0.06505767,0.065091476,0.058199286,0.06379247,0.060571328,0.06546085,0.060047593,0.059849214,0.06537393,0.06581133,0.05850109,0.062738776,0.060043875,0.058747787,step_1000
2021-03-05,0.06274269,0.06618627,0.06816442,0.062653385,0.067649,0.06498989,0.06504854,0.062090047,0.063691296,0.064653166,0.057342954,0.05772995,0.053263705,0.058498263,0.059716508,0.06557992,step_1000
2021-03-15,0.059464082,0.07244572,0.069643736,0.06491217,0.0681991,0.06600637,0.06870472,0.058716808,0.064410515,0.06577539,0.056889515,0.05832357,0.044976566,0.05609964,0.059001997,0.06643017,step_1000
2021-03-22,0.055797182,0.07553086,0.067497455,0.063697256,0.060830116,0.06770088,0.071535595,0.05583839,0.06687751,0.06089705,0.055822317,0.059222296,0.05046281,0.06159128,0.060152788,0.06654626,step_1000
2021-03-30,0.06393134,0.062345337,0.06414318,0.06198546,0.06360386,0.062983766,0.062466756,0.061957814,0.063359864,0.06280959,0.060706332,0.060550526,0.061023142,0.062616244,0.061678305,0.063838474,step_1000
2021-04-08,0.0633102,0.061741747,0.06266618,0.06285993,0.0632628,0.06223748,0.06243703,0.06086984,0.061900377,0.062235665,0.06164736,0.062394343,0.06227556,0.06331342,0.062288392,0.06455966,step_1000
2021-04-16,0.060958594,0.06417668,0.06497614,0.06325669,0.06271602,0.060675696,0.06074494,0.062563874,0.06458455,0.06184832,0.061388727,0.061559692,0.058354154,0.06653103,0.06354109,0.06212378,step_1000
2021-04-26,0.060660247,0.06692608,0.0676066,0.063423306,0.060845718,0.0625459,0.061248284,0.061254263,0.065184034,0.062537156,0.06165308,0.06006813,0.05669182,0.06710556,0.06046381,0.06178605,step_1000
2021-05-07,0.061572183,0.0650762,0.06382672,0.06250351,0.060920287,0.060943067,0.06199063,0.06402525,0.06259948,0.06132253,0.06245771,0.06370274,0.060468372,0.064665444,0.06274947,0.06117638,step_1000
2021-05-17,0.06185039,0.07855202,0.067200646,0.06343385,0.06004318,0.06295916,0.059795868,0.066947795,0.06966353,0.06749322,0.060436245,0.05527526,0.052723713,0.06368096,0.05203491,0.057909213,step_1000
2021-05-24,0.066889234,0.08553366,0.068243004,0.061982498,0.058611676,0.061576385,0.05987129,0.05984841,0.073843084,0.06581635,0.05844472,0.056284085,0.049325865,0.06513365,0.04871435,0.059881758,step_1000
2021-06-01,0.06235648,0.09340742,0.061050408,0.061952826,0.055552058,0.06366508,0.06328601,0.06145704,0.073815756,0.06866209,0.061858103,0.05633727,0.042018466,0.065556504,0.050616626,0.058407832,step_1000
2021-06-08,0.059157718,0.08693886,0.06818511,0.060727064,0.05206892,0.06255726,0.06920358,0.061206833,0.075112954,0.062380582,0.05726019,0.053604584,0.040029664,0.06771025,0.058225732,0.06563067,step_1000
2021-06-16,0.054433886,0.083199225,0.061012316,0.07499789,0.053926196,0.06302196,0.06686208,0.056532077,0.074000925,0.05944099,0.059503037,0.058742028,0.03521203,0.065685034,0.06555602,0.06787429,step_1000
2021-06-23,0.066239215,0.07891608,0.06310519,0.06803373,0.05903854,0.063798815,0.058684263,0.058852322,0.078546315,0.06509663,0.05686682,0.05445362,0.044301566,0.06544373,0.054866932,0.06375624,step_1000
2021-06-30,0.05956494,0.07091455,0.058783393,0.07365739,0.059210535,0.066718325,0.064610414,0.05553711,0.07484638,0.063241385,0.0648548,0.062952735,0.0422639,0.058478713,0.065884285,0.058481134,step_1000
2021-07-08,0.055456772,0.07482621,0.061848003,0.06767411,0.06020019,0.06407872,0.06577093,0.062374737,0.07195899,0.06253688,0.05817745,0.061941184,0.043338355,0.059270978,0.0704352,0.06011127,step_1000
2021-07-15,0.05524408,0.07145888,0.061120078,0.06675962,0.06351482,0.066507995,0.0703782,0.056108475,0.08141423,0.05970948,0.06453576,0.06072822,0.042927496,0.051059943,0.06072397,0.06780872,step_1000
2021-07-27,0.046985824,0.08122238,0.07295625,0.07406856,0.0563899,0.0654594,0.0698003,0.0515368,0.08415967,0.06133154,0.06049749,0.055698227,0.0331558,0.060241923,0.06403577,0.062460214,step_1000
2021-08-03,0.056419585,0.06914601,0.061365746,0.06954698,0.058704723,0.060101416,0.064704575,0.060120843,0.08137018,0.05794985,0.063881785,0.058868274,0.043987084,0.062132698,0.061945606,0.069754615,step_1000
2021-08-11,0.056635235,0.078833,0.0610492,0.06616182,0.055288907,0.05817885,0.06910886,0.068175115,0.07827285,0.060622696,0.060962558,0.054649092,0.03776957,0.061077684,0.06411315,0.06910143,step_1000
2021-08-18,0.046199303,0.09207294,0.06225297,0.08156327,0.05366218,0.0583792,0.07759808,0.07258982,0.08431781,0.05238277,0.060508497,0.0552098,0.02710404,0.05217466,0.06419405,0.05979067,step_1000
2021-08-26,0.04926099,0.07313988,0.057651106,0.08484315,0.048395514,0.058262683,0.08497544,0.060837545,0.09514685,0.044560935,0.06366011,0.056793068,0.027682036,0.052999325,0.06799094,0.07380044,step_1000
2021-09-03,0.046103682,0.06892312,0.060555182,0.06554219,0.054947425,0.059542608,0.09173424,0.05240461,0.0948722,0.04627113,0.062786855,0.055844042,0.032053225,0.048670422,0.07072235,0.08902669,step_1000
2021-09-14,0.051063072,0.086154856,0.06399309,0.079312526,0.05017234,0.056952484,0.09957044,0.050475046,0.08868183,0.04592549,0.069197506,0.0649071,0.026028562,0.04531433,0.05607064,0.06618068,step_1000
2021-09-24,0.046859793,0.082263224,0.06795634,0.069396526,0.04982657,0.06300379,0.08056417,0.059634767,0.07457727,0.05328586,0.07028052,0.069024466,0.03621892,0.051282372,0.06540681,0.060418606,step_1000
2021-10-08,0.052312933,0.079816386,0.06801615,0.06135994,0.0630559,0.061402924,0.07231205,0.05924703,0.077862985,0.06220509,0.06276731,0.05847945,0.041568477,0.053916804,0.057468746,0.0682079,step_1000
2021-10-18,0.056285147,0.07974428,0.061171,0.055640046,0.062258665,0.0585042,0.08067836,0.05296271,0.08589781,0.051712234,0.07154753,0.0670096,0.041901834,0.04888367,0.048783723,0.077019215,step_1000
2021-10-25,0.06037596,0.07215632,0.058964837,0.05754509,0.05552513,0.05495719,0.08894219,0.051322278,0.084826045,0.044254337,0.074743904,0.068894036,0.037830427,0.050040435,0.05610651,0.083515264,step_1000
2021-11-01,0.0576227,0.07756296,0.05913426,0.062526755,0.05851065,0.06157825,0.07348943,0.061194014,0.07318423,0.058562372,0.06421026,0.060176525,0.0358784,0.053856537,0.06726298,0.07524964,step_1000
2021-11-10,0.05894843,0.07786495,0.058771938,0.061243694,0.06880681,0.05855085,0.06364705,0.072289184,0.071247526,0.06385031,0.054696128,0.05478086,0.03786376,0.06305965,0.06398279,0.07039603,step_1000
2021-11-17,0.05895723,0.07571169,0.055847276,0.057503212,0.07095848,0.05630468,0.0674096,0.062055834,0.08472937,0.058296956,0.05897302,0.06016097,0.040447358,0.06101957,0.055483762,0.076141015,step_1000
2021-11-29,0.05819065,0.0742372,0.06519939,0.04687765,0.0666226,0.05228241,0.081266746,0.052589204,0.084096335,0.04340651,0.07081268,0.0696401,0.03899604,0.051655717,0.056718815,0.08740792,step_1000
2021-12-06,0.043586668,0.0662551,0.056885384,0.052445427,0.07356772,0.050824612,0.0650846,0.07331918,0.082835354,0.06312074,0.061834753,0.057114452,0.069244035,0.06053058,0.045213144,0.07813825,step_1000
2021-12-13,0.05032358,0.08446587,0.07059985,0.047059715,0.07803971,0.050072446,0.07193434,0.05331406,0.08128387,0.051815283,0.06561368,0.058906194,0.048807424,0.05823041,0.044229444,0.08530408,step_1000
2021-12-20,0.054523267,0.082810074,0.063809246,0.0488694,0.068236575,0.049965464,0.079986416,0.057745893,0.07348409,0.048431866,0.06829865,0.06544666,0.046489753,0.060590394,0.0495427,0.08176956,step_1000
2021-12-30,0.04995232,0.07747023,0.06808835,0.04274328,0.06758654,0.053573146,0.0911222,0.05243613,0.08664545,0.050994538,0.062572226,0.05868103,0.044527806,0.05027666,0.052128144,0.09120197,step_1000
2022-01-11,0.047894616,0.108304866,0.07455758,0.036294855,0.060087673,0.05449787,0.09107057,0.06601133,0.06506098,0.059167963,0.04859298,0.06088196,0.032236814,0.050951574,0.07153262,0.07285571,step_1000
2022-01-19,0.048663873,0.09108276,0.059793193,0.042974226,0.07079923,0.04639413,0.07832413,0.064704105,0.07460117,0.051078074,0.060744032,0.06773779,0.044204846,0.060917456,0.056260057,0.08172096,step_1000
2022-01-27,0.058010172,0.082927346,0.06901301,0.051959865,0.073810115,0.051780187,0.0691195,0.04608767,0.07654078,0.047340166,0.06854782,0.05657454,0.050309032,0.077267885,0.03824074,0.08247113,step_1000
2022-02-10,0.05743709,0.06140879,0.075561576,0.0534546,0.08620389,0.049415763,0.06363535,0.047101915,0.08520287,0.043291595,0.065843776,0.05360158,0.066275164,0.07315845,0.031428095,0.08697951,step_1000
2022-02-18,0.05822423,0.06452928,0.07721785,0.05154984,0.083188616,0.051673785,0.06487927,0.045611143,0.08823351,0.043202423,0.061610192,0.04672064,0.06375851,0.07445573,0.028368788,0.09677617,step_1000
2022-03-02,0.050454915,0.041664943,0.07969737,0.04196055,0.08164101,0.039780963,0.0802438,0.035594977,0.09664249,0.027173692,0.07733227,0.050257724,0.09152598,0.07131119,0.020259278,0.11445879,step_1000
2022-03-09,0.0673292,0.06121489,0.06851754,0.078132756,0.068731226,0.07111294,0.066604935,0.057884768,0.052087817,0.056670938,0.06458784,0.056971103,0.061508685,0.057721052,0.046647664,0.06427664,step_1250
2022-03-16,0.06706979,0.06354203,0.06799807,0.09332286,0.06945373,0.07242268,0.07120153,0.058177322,0.04738315,0.054868966,0.07001077,0.05116355,0.062354445,0.051269304,0.0355364,0.06422539,step_1250
2022-03-25,0.06623179,0.06601597,0.059896644,0.08587523,0.069522634,0.064925104,0.07185732,0.059313986,0.054641698,0.060459998,0.07095996,0.050180763,0.065101154,0.048759986,0.037589896,0.068667896,step_1250
2022-04-01,0.06111126,0.06528151,0.053373914,0.09077742,0.078613386,0.06705125,0.06690273,0.06450043,0.05336177,0.059160843,0.080207646,0.04847452,0.061618235,0.054194853,0.032320734,0.06304955,step_1250
2022-04-12,0.06007175,0.074780785,0.052151944,0.09332986,0.08194992,0.061991613,0.065463684,0.0654363,0.056992795,0.06656886,0.0711287,0.043690853,0.060227443,0.05311349,0.03213352,0.06096848,step_1250
2022-04-22,0.061133657,0.08879886,0.05154359,0.08572711,0.07995324,0.054122847,0.07515175,0.060809303,0.048420288,0.06662486,0.08075619,0.034628514,0.06676095,0.04482852,0.029602183,0.0711381,step_1250
2022-05-06,0.06349216,0.07927957,0.041851677,0.09380557,0.07464868,0.058281187,0.074093424,0.05618903,0.049037036,0.06476585,0.08449866,0.04040014,0.067367055,0.05082865,0.029572856,0.071888484,step_1250
2022-05-13,0.054152854,0.077076346,0.045140646,0.09425699,0.07284719,0.051405262,0.07597775,0.07034124,0.054170135,0.06475623,0.07793811,0.047882967,0.07008686,0.04697105,0.02473577,0.072260655,step_1250
2022-05-20,0.04512342,0.073679484,0.04113538,0.09420281,0.05572331,0.03297626,0.06924392,0.08615172,0.0568439,0.07240521,0.082916155,0.04143021,0.0735441,0.044407025,0.022310734,0.107906364,step_1250
2022-05-27,0.051061384,0.08609311,0.0353015,0.10345237,0.06011108,0.03288494,0.069460675,0.08550755,0.06032364,0.065999135,0.07919132,0.03158027,0.0650769,0.046810254,0.023100978,0.104044944,step_1250
2022-06-08,0.054755885,0.08513552,0.038820617,0.09876199,0.0540453,0.032228883,0.08253772,0.09032055,0.0549732,0.05618021,0.08150576,0.033357456,0.07048751,0.04427781,0.02272255,0.09988904,step_1250
2022-06-15,0.057616144,0.08725682,0.0401992,0.0999521,0.05522954,0.018184852,0.057692047,0.08335168,0.05091936,0.064868025,0.072054066,0.02353476,0.07043966,0.037397787,0.01624982,0.1650541,step_1250
2022-06-23,0.053770546,0.07515134,0.036584448,0.09381491,0.059055973,0.0145451715,0.04248978,0.07835373,0.071467504,0.079395376,0.06930229,0.02953687,0.057854213,0.049282096,0.015356031,0.17403975,step_1250
2022-06-30,0.049477745,0.07039545,0.03633409,0.10567475,0.055137873,0.016287163,0.049430072,0.06854528,0.059583522,0.10266754,0.0603812,0.027513623,0.06556992,0.04111078,0.01685581,0.17503513,step_1250
2022-07-08,0.061805256,0.07012626,0.03781978,0.10737228,0.06344199,0.023764959,0.04896699,0.059264533,0.06341672,0.08668617,0.06819436,0.032654986,0.061855197,0.046764817,0.024840843,0.14302486,step_1250
2022-07-15,0.05648851,0.07418686,0.03491053,0.09495039,0.061026458,0.017762808,0.039592903,0.05819687,0.0504218,0.08400764,0.09499787,0.01763585,0.06809813,0.046140503,0.022635357,0.17894751,step_1250
2022-07-25,0.054343656,0.07499439,0.03509159,0.0787541,0.048764843,0.014259401,0.033401735,0.052473683,0.044803515,0.08528377,0.10473371,0.015954396,0.074307,0.043507762,0.020136693,0.21918976,step_1250
2022-08-01,0.04898812,0.05883484,0.042730123,0.06915334,0.046043023,0.014530824,0.030074459,0.046011712,0.039765026,0.086857595,0.11193568,0.01783399,0.07650404,0.04783876,0.017815098,0.2450834,step_1250
2022-08-08,0.06091098,0.090194836,0.035745822,0.07231616,0.05063,0.019480508,0.05145252,0.044101223,0.043612584,0.08510587,0.102670535,0.017565928,0.06978837,0.046881296,0.023741433,0.1858019,step_1250
2022-08-18,0.0619041,0.097537406,0.034840506,0.073750556,0.05215437,0.027502071,0.066119954,0.041239,0.039378613,0.084694475,0.09804798,0.019327158,0.06955928,0.048013058,0.026459018,0.15947253,step_1250
2022-08-25,0.06683327,0.08318869,0.033091903,0.079408765,0.042765245,0.02152105,0.0564834,0.042213693,0.03887984,0.0786987,0.11804139,0.016804466,0.067348935,0.046457827,0.021349791,0.18691303,step_1250
2022-09-06,0.06096224,0.078926645,0.032955036,0.073678486,0.039764445,0.016897188,0.044705905,0.042021867,0.036421254,0.08236276,0.122991085,0.01340781,0.06484707,0.043090887,0.017623011,0.22934435,step_1250
2022-09-14,0.060727064,0.065194644,0.0379572,0.07636684,0.03985967,0.014249596,0.039150503,0.03952635,0.037303288,0.08125618,0.12829632,0.014333359,0.062553145,0.046856403,0.016190644,0.24017878,step_1250
2022-09-22,0.07179876,0.08945382,0.03271778,0.06327746,0.045755807,0.01869384,0.041097485,0.039658062,0.04420835,0.076368414,0.099118724,0.01370762,0.057412483,0.03904968,0.018662173,0.24901961,step_1250
2022-09-30,0.08011736,0.074934065,0.03982005,0.078591496,0.05368645,0.016790261,0.04079256,0.040671587,0.037535742,0.06392791,0.125111,0.0135580655,0.06036058,0.03442697,0.0126857525,0.22699015,step_1250
2022-10-17,0.07421169,0.10759672,0.03353103,0.08269262,0.06193672,0.027842596,0.058270637,0.045824572,0.04589747,0.063484214,0.12078056,0.01374901,0.054196045,0.039457656,0.016035775,0.15449269,step_1250
2022-10-24,0.06994527,0.089243904,0.03765374,0.09228683,0.0586897,0.018756265,0.043695047,0.043492682,0.04082559,0.06779191,0.13258088,0.015039537,0.06115914,0.042193454,0.0126836365,0.1739624,step_1250
2022-11-01,0.07021471,0.08645762,0.035509467,0.07440973,0.04459365,0.014503343,0.040733207,0.037303615,0.037172917,0.06936144,0.13860296,0.011809527,0.05738527,0.036933787,0.010517398,0.23449132,step_1250
2022-11-10,0.07692504,0.103626415,0.03335338,0.07373898,0.052833404,0.015308325,0.048495732,0.03492718,0.04248706,0.061012305,0.121476896,0.014044822,0.058428448,0.036482815,0.012950814,0.21390845,step_1250
2022-11-17,0.075739436,0.10113242,0.034401793,0.06886263,0.043385148,0.015855506,0.053916425,0.033147417,0.03279174,0.059296206,0.13570125,0.010578374,0.058990605,0.033702705,0.011199035,0.23129942,step_1250
2022-11-28,0.07212183,0.0965366,0.035996404,0.08510545,0.045699947,0.024630584,0.06468097,0.041008785,0.034701236,0.06571921,0.13877234,0.014064856,0.06333884,0.04512728,0.015693085,0.15680258,step_1250
2022-12-05,0.091079704,0.070575245,0.040293097,0.0700898,0.05323492,0.0358739,0.06492724,0.03897981,0.060392745,0.059375424,0.09877794,0.029452175,0.0606731,0.04729583,0.033260286,0.14571878,step_1250
2022-12-12,0.07665566,0.07506859,0.037493575,0.081617214,0.043744437,0.031721953,0.07518168,0.03786724,0.0476301,0.06448535,0.11869042,0.023583196,0.06342272,0.0519185,0.027445735,0.14347364,step_1250
2022-12-19,0.08036727,0.07377104,0.036156904,0.07389854,0.046123214,0.03815921,0.06630497,0.03710358,0.052971818,0.07245267,0.101819895,0.026022293,0.062716216,0.048101,0.026993692,0.15703776,step_1250
2022-12-28,0.06938811,0.073964015,0.0354233,0.0882056,0.06787665,0.049415603,0.08348694,0.052021734,0.05547573,0.06981996,0.09099709,0.033050224,0.0659831,0.04762857,0.034882843,0.08238051,step_1250
2023-01-06,0.06765862,0.07062123,0.0397675,0.09547984,0.06893513,0.053549048,0.10051316,0.05786921,0.045881215,0.061895832,0.09323419,0.028944826,0.06978116,0.043600064,0.0322142,0.07005484,step_1250
2023-01-17,0.06392301,0.08603543,0.03597158,0.09437703,0.05639134,0.049705867,0.09451824,0.057687502,0.045414507,0.06160839,0.103760675,0.021661732,0.06220756,0.056954984,0.03193983,0.07784234,step_1250
2023-01-31,0.0642135,0.08704848,0.034705784,0.09137808,0.06356083,0.051978886,0.099969074,0.06265306,0.048532333,0.060635578,0.0904999,0.024960488,0.06144345,0.056366432,0.035020255,0.06703388,step_1250
2023-02-07,0.06855124,0.092212945,0.038165957,0.08232334,0.06756144,0.055252973,0.11059438,0.05466417,0.04214873,0.05667483,0.08907816,0.027218554,0.06697507,0.04959862,0.03410783,0.06487175,step_1250
2023-02-14,0.06432283,0.09380516,0.037774,0.090666324,0.054012556,0.042103827,0.11777497,0.050655995,0.041800454,0.05176611,0.108191304,0.021264385,0.065505676,0.05351115,0.03016165,0.076683655,step_1250
2023-02-22,0.06726661,0.0857792,0.03876175,0.092496715,0.054269005,0.040020704,0.112483606,0.04378899,0.0449069,0.05178354,0.11077301,0.023271393,0.06537197,0.050565556,0.030824583,0.08763639,step_1250
2023-03-02,0.07681585,0.06379194,0.04170504,0.07017362,0.067292474,0.056836274,0.06153067,0.06114557,0.07645142,0.062063113,0.069932945,0.057053585,0.0553384,0.053902622,0.04268727,0.08327921,step_1250
2023-03-10,0.06717376,0.07371405,0.037313152,0.097139835,0.057251725,0.03063524,0.088168465,0.043510366,0.05630908,0.053185176,0.10676482,0.030126072,0.073638275,0.05224401,0.037764955,0.095060945,step_1250
2023-03-17,0.07711746,0.087316684,0.036027536,0.07698406,0.052924644,0.029543987,0.08789688,0.050599903,0.0655017,0.048557542,0.11187897,0.027189285,0.059558276,0.051684815,0.025866585,0.11135159,step_1250
2023-03-27,0.06274436,0.07133965,0.044175193,0.0943605,0.058470655,0.035102464,0.062221304,0.060150854,0.0697446,0.06585942,0.08841637,0.036507145,0.06211755,0.060677543,0.042481955,0.08563044,step_1250
2023-04-06,0.081446715,0.07885513,0.038881253,0.08938747,0.059946112,0.034130376,0.08124258,0.04518195,0.061375685,0.049276426,0.09874978,0.02919908,0.06903229,0.055423163,0.039257757,0.08861428,step_1250
2023-04-18,0.07356458,0.059796106,0.04236992,0.096743375,0.06719182,0.049167123,0.09181515,0.048600703,0.05808435,0.05744254,0.08233129,0.043980364,0.069331445,0.052168537,0.040549383,0.0668633,step_1250
2023-04-25,0.07478062,0.05616492,0.044095244,0.09243509,0.056828998,0.05554774,0.097361095,0.05522202,0.05119976,0.054048106,0.07737013,0.04179556,0.07010231,0.056630608,0.05159796,0.064819805,step_1250
2023-05-10,0.06325414,0.06342482,0.05463502,0.06551213,0.059472654,0.058579326,0.056919537,0.064110115,0.06628608,0.064239115,0.0705954,0.05977898,0.06089873,0.060824253,0.059715927,0.071753785,step_1250
2023-05-17,0.058390174,0.062166326,0.064429715,0.060891334,0.055688657,0.056298498,0.05208033,0.06562303,0.07571392,0.06755185,0.06281626,0.07247905,0.055602286,0.055294055,0.0694503,0.06552425,step_1250
2023-05-24,0.06364429,0.06273047,0.064296804,0.06300257,0.06282976,0.06169671,0.06292318,0.06131638,0.061054442,0.061452303,0.06318568,0.061501786,0.062307656,0.06341537,0.06290741,0.061735183,step_1500
2023-06-01,0.06367218,0.061845418,0.06459153,0.0638616,0.062646754,0.06191658,0.06338793,0.060925186,0.06063517,0.061477892,0.062341057,0.061830807,0.06298077,0.06391522,0.062382724,0.06158919,step_1500
2023-06-08,0.064068325,0.063416556,0.06538401,0.06331339,0.06364097,0.06156749,0.06362861,0.061849434,0.061692458,0.06052284,0.06279714,0.060178597,0.061065108,0.065112054,0.061481584,0.06028147,step_1500
2023-06-15,0.06408736,0.06194256,0.064813316,0.0626796,0.06298768,0.061586123,0.06278898,0.061610702,0.061666764,0.061783765,0.06259337,0.06148941,0.062422305,0.063019305,0.062185567,0.06234315,step_1500
2023-06-27,0.065001994,0.059572645,0.06659112,0.06371845,0.06326609,0.061705768,0.06365697,0.061616197,0.062154233,0.06192261,0.06013366,0.061457537,0.063209794,0.063911736,0.059670694,0.06241054,step_1500
2023-07-06,0.066439785,0.061733283,0.06891755,0.061905682,0.06555,0.060769383,0.06376838,0.06404667,0.065413706,0.06044317,0.06039702,0.058037937,0.05931211,0.06560364,0.05703986,0.06062177,step_1500
2023-07-13,0.06772072,0.055022553,0.0705624,0.06363492,0.06391453,0.060801752,0.06369625,0.06291297,0.064765394,0.0638682,0.055930845,0.06128541,0.063862234,0.06316453,0.054377556,0.06447977,step_1500
2023-07-21,0.067690894,0.056293253,0.06924684,0.06718671,0.06290865,0.059433408,0.06344204,0.061931845,0.062612645,0.06600983,0.056535553,0.063040465,0.06225516,0.0654518,0.052665394,0.06329547,step_1500
2023-07-28,0.066463195,0.0610561,0.071357794,0.06535571,0.06444835,0.060264,0.06552433,0.06364852,0.06256029,0.061388567,0.0585515,0.058119673,0.0607185,0.067307636,0.055274844,0.05796104,step_1500
2023-08-04,0.06577538,0.062160205,0.07157259,0.06866304,0.06685692,0.061021417,0.06843653,0.06280787,0.06256226,0.055731263,0.056649987,0.055360578,0.05889257,0.077273995,0.053264834,0.052970514,step_1500
2023-08-14,0.06457052,0.05764983,0.06856662,0.070007734,0.06298336,0.06289411,0.06775917,0.059380468,0.05907122,0.059693627,0.056462172,0.061249103,0.064788505,0.07042134,0.056634698,0.057867553,step_1500
2023-08-22,0.06521962,0.054482393,0.06804821,0.067813925,0.06204196,0.062688805,0.06566502,0.059495144,0.060020424,0.06255389,0.055701587,0.06366897,0.06744069,0.06538156,0.057160877,0.062616885,step_1500
2023-08-30,0.06494379,0.056101535,0.06730085,0.06674138,0.06224519,0.062484182,0.06507526,0.05992795,0.06031855,0.0623691,0.057192158,0.06321757,0.06634002,0.06493659,0.058299053,0.062506825,step_1500
2023-09-07,0.06468691,0.056525,0.066992156,0.066945545,0.062160183,0.062554814,0.06516102,0.059767153,0.059974644,0.06217904,0.057515383,0.063229784,0.066272706,0.06517921,0.058700345,0.062156092,step_1500
2023-09-14,0.06453465,0.05777119,0.0650848,0.070295654,0.061548024,0.06157373,0.064891584,0.05856052,0.058491938,0.063393995,0.058243915,0.064963445,0.06424634,0.06801828,0.05708675,0.061295178,step_1500
2023-09-25,0.062933125,0.057816766,0.0642291,0.06990794,0.059690543,0.06487921,0.06337886,0.059562363,0.060623314,0.06405469,0.060442284,0.062392697,0.063574255,0.068803266,0.056654748,0.061056815,step_1500
2023-10-11,0.06373396,0.059700243,0.06532813,0.06598583,0.06220861,0.062418364,0.064558975,0.059948184,0.059571013,0.06149076,0.06026373,0.06264422,0.064687364,0.06511273,0.06113695,0.06121091,step_1500
2023-10-18,0.06343139,0.059945755,0.06464823,0.06564279,0.0629127,0.061260294,0.06337393,0.060950704,0.059929945,0.0606693,0.0598958,0.0622428,0.065603256,0.06662738,0.061874133,0.060991537,step_1500
2023-10-26,0.06375152,0.058794774,0.06563638,0.06691489,0.062010445,0.06263086,0.06505716,0.05952704,0.059115827,0.061493002,0.059388973,0.06298777,0.06542234,0.06563022,0.0605966,0.061042164,step_1500
2023-11-02,0.063760705,0.058193877,0.06584092,0.06754151,0.06187562,0.06277101,0.06539023,0.05924433,0.058810644,0.061492026,0.058808036,0.06321629,0.065916434,0.06597634,0.060235072,0.06092698,step_1500
2023-11-10,0.0637349,0.05965715,0.06534281,0.06602964,0.06219931,0.062428515,0.06458259,0.059928272,0.059549484,0.06149097,0.060222123,0.062660545,0.06472209,0.06513725,0.06111136,0.06120301,step_1500
2023-11-20,0.06550275,0.059170797,0.06692819,0.063467644,0.06346643,0.061391313,0.06336381,0.061947893,0.06283763,0.06237674,0.059811074,0.061457876,0.06282485,0.063721694,0.05877585,0.06295542,step_1500
2023-11-29,0.06419153,0.061154217,0.065132044,0.06324291,0.062886775,0.061721336,0.06311107,0.061372627,0.06146057,0.061856166,0.061861843,0.0617314,0.062946424,0.063304596,0.061681032,0.06234542,step_1500
2023-12-06,0.06404203,0.060961064,0.06564157,0.06492493,0.06289984,0.062056225,0.064270936,0.060811866,0.060613602,0.06109731,0.061008956,0.06153107,0.063168846,0.06523559,0.06090013,0.06083606,step_1500
2023-12-13,0.069679074,0.058624603,0.07747716,0.06467537,0.066895105,0.059083004,0.066570505,0.06633428,0.06675542,0.060761157,0.054651324,0.054874282,0.058314756,0.069444805,0.04898293,0.056876168,step_1500
2023-12-20,0.07292634,0.057398267,0.08304996,0.06628348,0.06293746,0.058224443,0.06885428,0.068821035,0.06542055,0.06564555,0.052001875,0.056198884,0.05908745,0.064894475,0.042652696,0.05560321,step_1500
2023-12-29,0.07023977,0.06217081,0.08018838,0.06321241,0.06601916,0.05636189,0.065041296,0.06946741,0.065969415,0.0639955,0.056627177,0.053463023,0.056831185,0.0661129,0.048854765,0.055444907,step_1500
2024-01-11,0.067385904,0.06551717,0.0781974,0.06797452,0.06354198,0.056638967,0.066829965,0.06696993,0.059622586,0.06398332,0.058434486,0.05465025,0.058495812,0.06845452,0.051681954,0.051621225,step_1500
2024-01-19,0.06989317,0.06268201,0.08642822,0.07153139,0.0655399,0.055786576,0.07065519,0.06817262,0.06090495,0.0614732,0.05273857,0.050864488,0.056334056,0.07552791,0.044270433,0.047197267,step_1500
2024-01-30,0.07204085,0.055725418,0.08746428,0.06900681,0.06445976,0.054849118,0.069028996,0.069263235,0.06162241,0.065821275,0.051319245,0.054706573,0.060645387,0.07013096,0.042540077,0.05137552,step_1500
2024-02-06,0.06853674,0.05788431,0.07975302,0.07179388,0.06539723,0.05947095,0.0706245,0.06391565,0.06144222,0.0596634,0.05203028,0.054893497,0.060159322,0.075476915,0.04717252,0.05178558,step_1500
2024-02-22,0.0677639,0.058203295,0.07558118,0.06983801,0.067130476,0.061574604,0.07037832,0.06260205,0.06384724,0.056319036,0.05320669,0.054985702,0.058884233,0.077469096,0.048960146,0.053256027,step_1500
2024-03-01,0.068188846,0.059361402,0.08187258,0.074361846,0.064461015,0.058419023,0.07178126,0.0641597,0.058945462,0.060283765,0.05185298,0.05409014,0.060020376,0.07689715,0.04638135,0.048923086,step_1500
2024-03-11,0.06889465,0.05582956,0.075589925,0.067329966,0.06676126,0.06006366,0.069471285,0.06425522,0.06367131,0.058302738,0.054560117,0.057438947,0.060559005,0.0750953,0.047853205,0.054323882,step_1500
2024-03-18,0.070351616,0.05547212,0.07632595,0.065985024,0.0660112,0.058119353,0.07116968,0.06690587,0.061796475,0.058905926,0.057257563,0.05958976,0.060500324,0.076418,0.044230126,0.050961036,step_1500
2024-03-27,0.06799912,0.059458353,0.07229075,0.06529199,0.065489635,0.058459476,0.069701456,0.06596516,0.060249142,0.058542106,0.061324723,0.05999467,0.060033627,0.07535258,0.04880993,0.051037274,step_1500
2024-04-09,0.06675056,0.058098737,0.07311264,0.07015095,0.065584674,0.060871344,0.070632204,0.06251827,0.060370248,0.057153497,0.056364752,0.05796321,0.06074109,0.0782957,0.049668655,0.05172352,step_1500
2024-04-18,0.06646283,0.056622755,0.06865231,0.06559144,0.06285712,0.059591044,0.06624788,0.064726084,0.059903182,0.06238314,0.06296295,0.06315038,0.06276902,0.07250144,0.05061118,0.05496718,step_1500
2024-04-25,0.0645177,0.05359971,0.06617282,0.07009536,0.05960023,0.062536076,0.065429755,0.06106037,0.058206707,0.06484005,0.060522083,0.06571059,0.06640925,0.07147638,0.051827163,0.057995725,step_1500
2024-05-09,0.064538576,0.06425648,0.06731509,0.06636042,0.063949816,0.062798284,0.064339176,0.06319034,0.064482145,0.05977935,0.06232397,0.05632297,0.056654286,0.07244576,0.05482002,0.056423303,step_1500
2024-05-16,0.066844024,0.06335896,0.07081258,0.06357857,0.06683135,0.05907505,0.067273326,0.06565923,0.062761925,0.05758856,0.06241513,0.057078723,0.05744928,0.07361937,0.05278119,0.052872714,step_1500
2024-05-24,0.0670882,0.06458954,0.07005678,0.06400861,0.06474088,0.060061056,0.068072684,0.065556206,0.06208863,0.058636878,0.06283134,0.058407098,0.05758382,0.07108945,0.05207476,0.053114124,step_1500
2024-06-03,0.06730037,0.06505299,0.0715618,0.06857336,0.06311008,0.06261079,0.07135408,0.063639306,0.061456054,0.05778482,0.058767337,0.057586163,0.057310857,0.07250117,0.049583994,0.0518068,step_1500
2024-06-11,0.06683132,0.06936046,0.06444093,0.06784231,0.053902294,0.0664187,0.06753619,0.06660552,0.06237501,0.06689428,0.06848675,0.062340427,0.053925484,0.06589342,0.043897383,0.05324957,step_1500
2024-06-20,0.06703385,0.062157694,0.0678467,0.06588509,0.05986852,0.06216198,0.068975985,0.063603185,0.059123855,0.06244579,0.06189337,0.064156696,0.061974883,0.06502368,0.05182373,0.056025073,step_1500
2024-06-27,0.06682408,0.062339667,0.069266126,0.073548935,0.05709589,0.06629532,0.073938385,0.06018115,0.057274655,0.06132702,0.056088626,0.06370194,0.062485393,0.066677526,0.048804384,0.05415084,step_1500
2024-07-05,0.06364429,0.06273047,0.064296804,0.06300257,0.06282976,0.06169671,0.06292318,0.06131638,0.061054442,0.061452303,0.06318568,0.061501786,0.062307656,0.06341537,0.06290741,0.061735183,step_1500
2024-07-12,0.06762687,0.06325659,0.07960541,0.07116648,0.0646518,0.057688423,0.06992344,0.06556627,0.059373103,0.06067959,0.05566154,0.05389062,0.058336847,0.07466255,0.04877647,0.04913394,step_1500
2024-07-23,0.07005203,0.05962975,0.079529576,0.06364379,0.055405665,0.060648326,0.07414589,0.069832854,0.065185234,0.07007687,0.05789655,0.055955194,0.06086881,0.056456883,0.044781767,0.05589086,step_1500
2024-07-30,0.0717815,0.058680385,0.077801436,0.06323128,0.053927395,0.05960384,0.07337144,0.070914716,0.059677534,0.07145023,0.059184987,0.06316458,0.06396044,0.05616288,0.04189292,0.055194445,step_1500
2024-08-06,0.0650962,0.06171128,0.060989674,0.05948773,0.06479036,0.062341813,0.059947684,0.06550892,0.065961555,0.06566029,0.06376963,0.06361005,0.06368092,0.05943378,0.060915463,0.057094637,step_1750
2024-08-14,0.061167665,0.05581013,0.06502125,0.06459563,0.063407294,0.06257241,0.062009554,0.0636083,0.059564605,0.06283813,0.06422565,0.064062476,0.06457418,0.06457637,0.05833723,0.06362911,step_1750
2024-08-22,0.06349899,0.06314731,0.061376996,0.061454717,0.06324028,0.06363972,0.062303457,0.06377729,0.0627399,0.06538477,0.06286518,0.062106423,0.06383921,0.05993984,0.061246138,0.059439804,step_1750
2024-08-30,0.06365572,0.06381511,0.060529936,0.0610076,0.06366959,0.064073704,0.062436298,0.065294184,0.06372221,0.06644516,0.06235304,0.06256533,0.06332835,0.058571555,0.06037254,0.058159705,step_1750
2024-09-09,0.06275713,0.06360609,0.06198908,0.061909642,0.063912444,0.063283086,0.061987266,0.06312488,0.064346135,0.066308945,0.06268826,0.062146116,0.064465724,0.058969375,0.060460582,0.058045253,step_1750
2024-09-18,0.063238956,0.06276785,0.062067285,0.061817847,0.06310496,0.06327569,0.06212533,0.06266597,0.062400702,0.064873725,0.06314265,0.06180737,0.06430763,0.06068157,0.061664104,0.060058307,step_1750
2024-09-26,0.06311837,0.062014032,0.062774256,0.06203232,0.06280321,0.06290577,0.06188563,0.06150094,0.061442886,0.06396079,0.06343464,0.061406348,0.0647355,0.062044617,0.06242658,0.06151415,step_1750
2024-10-10,0.0645424,0.060792632,0.060618993,0.06313157,0.061875213,0.06565962,0.059598554,0.059661612,0.062479775,0.06326483,0.06429787,0.0608097,0.06615467,0.06290743,0.0616235,0.06258167,step_1750
2024-10-18,0.06224683,0.063088946,0.06368909,0.05927493,0.066530645,0.06391509,0.055716943,0.06941447,0.07034492,0.06554128,0.058362495,0.060035806,0.06504787,0.058036674,0.060640473,0.0581135,step_1750
2024-10-25,0.062290836,0.065795496,0.060934313,0.06091391,0.06515512,0.06592546,0.05941836,0.070499405,0.06994386,0.06927271,0.0580305,0.060540188,0.061561823,0.054804962,0.057960704,0.05695234,step_1750
2024-11-01,0.05981709,0.06344421,0.061574027,0.059902985,0.068633646,0.06562447,0.057453815,0.07071133,0.072693154,0.072633766,0.056153584,0.0615354,0.064363755,0.053980287,0.055158727,0.056319732,step_1750
2024-11-11,0.060980327,0.06390771,0.06028465,0.062127665,0.06884237,0.06880888,0.053953826,0.06742284,0.07423424,0.0709413,0.054743115,0.058375765,0.06704077,0.05556643,0.053820718,0.05894944,step_1750
2024-11-19,0.06268178,0.06601427,0.067538686,0.061047602,0.07507915,0.06983447,0.050019536,0.07402239,0.07126475,0.061483823,0.045973826,0.051817313,0.064817905,0.057847437,0.06217184,0.058385275,step_1750
2024-11-27,0.06877361,0.059039865,0.06372596,0.049842376,0.07537654,0.064100005,0.04984855,0.06928348,0.07902565,0.06514948,0.053814244,0.06710769,0.06074549,0.058024038,0.061343748,0.054799303,step_1750
2024-12-05,0.06527611,0.07052544,0.056620028,0.06001625,0.065175265,0.06890549,0.062960334,0.072856866,0.074559204,0.06885609,0.058030304,0.0650887,0.05667808,0.05013978,0.05516354,0.04914854,step_1750
2024-12-12,0.06268859,0.074648,0.06098555,0.06070284,0.06764159,0.06762243,0.059181944,0.07021952,0.077945076,0.06713559,0.054865133,0.06199607,0.057920627,0.05033786,0.05602307,0.050086167,step_1750
2024-12-19,0.061795194,0.069678515,0.060904752,0.057511322,0.06475035,0.06845916,0.0628588,0.07661499,0.077445135,0.06704257,0.055057447,0.06717754,0.05472545,0.04992988,0.057369437,0.0486795,step_1750
2024-12-30,0.06453355,0.07058261,0.0553203,0.05929312,0.06512552,0.0668841,0.06424656,0.073976606,0.07154032,0.068753935,0.05919406,0.06322253,0.05843758,0.05174075,0.056162734,0.050985742,step_1750
2025-01-14,0.06898672,0.070687085,0.050055303,0.057011664,0.06562892,0.069921926,0.06477626,0.07777204,0.07329489,0.07141461,0.05859977,0.06495903,0.055650767,0.04943838,0.053348828,0.0484538,step_1750
2025-01-22,0.068962604,0.07107789,0.050886896,0.056347053,0.067498565,0.06784938,0.065852985,0.07614667,0.07454934,0.070133284,0.058138233,0.06417001,0.055213597,0.05055372,0.053681895,0.04893784,step_1750
2025-02-06,0.067317426,0.06948903,0.05355034,0.057984184,0.066080175,0.06711799,0.0646336,0.07318792,0.07186416,0.071189396,0.058890354,0.063675776,0.05734489,0.05167114,0.055335864,0.050667785,step_1750
2025-02-14,0.06356715,0.07308066,0.053532876,0.061414447,0.06586997,0.06422512,0.063600995,0.07320735,0.07197631,0.077428564,0.057268884,0.06413611,0.057860047,0.048556335,0.05615378,0.048121434,step_1750
2025-02-25,0.06427727,0.0741046,0.05223202,0.06063617,0.06641099,0.0650279,0.06317703,0.07499628,0.073384844,0.07801263,0.05702556,0.064453036,0.05702918,0.047399677,0.0543076,0.047525223,step_1750
2025-03-05,0.067016274,0.071453765,0.05294384,0.056390967,0.067126796,0.069921814,0.06106751,0.077056155,0.07235007,0.07396123,0.056876976,0.063363865,0.057136387,0.04986336,0.05260068,0.050870314,step_1750
2025-03-12,0.059626784,0.062952384,0.062153958,0.06455715,0.07092947,0.06804124,0.06427228,0.06760953,0.057045836,0.056236137,0.056350537,0.0638613,0.060610313,0.06497422,0.059901647,0.060877196,step_1750
2025-03-21,0.06270391,0.07627828,0.050515693,0.074594796,0.07147523,0.08399958,0.05786242,0.056108724,0.0634166,0.046562184,0.049403504,0.055763356,0.060214058,0.07895782,0.0544874,0.057656474,step_1750
2025-03-28,0.06305761,0.0626066,0.056918826,0.069222264,0.06808982,0.07515613,0.06805186,0.05737881,0.056503158,0.048958108,0.055285014,0.057883378,0.06362548,0.075889975,0.058075212,0.06329777,step_1750
2025-04-08,0.066032626,0.06172227,0.060439594,0.065979175,0.06443292,0.070568696,0.06584052,0.062199656,0.050175555,0.053189162,0.05534255,0.06058391,0.062173776,0.071674444,0.06324597,0.06639918,step_1750
2025-04-17,0.053481907,0.0588452,0.073067375,0.06187885,0.07941813,0.06530285,0.066661246,0.059416916,0.044897545,0.05223348,0.055097446,0.06795327,0.055808797,0.06938517,0.06546697,0.071084835,step_1750
2025-04-28,0.058756173,0.06334719,0.06259056,0.06697941,0.07091333,0.06900816,0.065006785,0.06154308,0.054315973,0.053279944,0.055983167,0.062191684,0.061294217,0.069350846,0.06134983,0.06408961,step_1750
2025-05-12,0.06639842,0.07323444,0.054970697,0.06395186,0.07192392,0.07135671,0.06272185,0.06476007,0.067187205,0.061060503,0.05457498,0.059897464,0.054770034,0.062002238,0.052984957,0.058204625,step_1750
2025-05-19,0.06945838,0.07945902,0.046822894,0.063673325,0.06943008,0.07073253,0.06286307,0.06783822,0.07501728,0.071704775,0.055779077,0.060001697,0.052130245,0.051965702,0.05172825,0.051395413,step_1750
2025-05-27,0.07060839,0.079732664,0.044576768,0.06708378,0.067649335,0.07488782,0.065438904,0.06710469,0.07313977,0.0687376,0.05485089,0.06290213,0.04895034,0.054439425,0.04877194,0.051125545,step_1750
2025-06-04,0.06972451,0.07625703,0.04664749,0.06441708,0.06650783,0.07358911,0.064638816,0.0685009,0.07321477,0.06930863,0.055734105,0.06121247,0.05229145,0.054731436,0.05272185,0.050502513,step_1750
2025-06-11,0.07012256,0.08046803,0.044537634,0.06279047,0.06909716,0.08007309,0.062360756,0.069998756,0.07405336,0.06966631,0.05303968,0.06140915,0.052372113,0.05207754,0.04917992,0.048753433,step_1750
2025-06-18,0.06894181,0.080229744,0.047157023,0.06040081,0.06897875,0.07510522,0.058945376,0.07132196,0.07848,0.07216387,0.05333531,0.05684564,0.057082605,0.052368697,0.052344576,0.046298582,step_1750
2025-06-26,0.06928112,0.08062476,0.047236383,0.058997806,0.069439486,0.07457153,0.061237533,0.074562274,0.077896714,0.07075482,0.052312035,0.05847497,0.05392398,0.052773867,0.05213101,0.045781724,step_1750
2025-07-03,0.061772257,0.07748668,0.056172848,0.05836125,0.065682225,0.06534579,0.06497846,0.0772395,0.06959729,0.08032361,0.05960058,0.061900385,0.058854375,0.04570177,0.055396583,0.041586414,step_1750
2025-07-11,0.068216324,0.08585715,0.04685433,0.059279613,0.07199138,0.068703026,0.06347344,0.075517066,0.08431064,0.07914069,0.049870145,0.05723099,0.05070439,0.0461848,0.049505703,0.043160312,step_1750
2025-07-18,0.06857929,0.08743657,0.046452902,0.057521258,0.07129244,0.07248357,0.06529715,0.0774645,0.081171386,0.07774812,0.05081664,0.055933658,0.05145414,0.04648293,0.050976135,0.0388893,step_1750
2025-07-28,0.06867358,0.089258164,0.04665952,0.056676596,0.07173747,0.07478814,0.06305321,0.07660729,0.08197635,0.07739384,0.051266827,0.05387985,0.052990373,0.046793703,0.05000211,0.038243067,step_1750
2025-08-04,0.07109103,0.08416786,0.04860959,0.055553213,0.067563914,0.074630745,0.07208247,0.08317453,0.07725269,0.07419984,0.052501738,0.057407603,0.049587287,0.047850758,0.04826292,0.03606378,step_1750
2025-08-12,0.06755435,0.08026907,0.04603809,0.05756284,0.07076361,0.070577115,0.060431063,0.07509135,0.08239917,0.077656925,0.05383692,0.06030179,0.055830423,0.045922063,0.05237845,0.04338677,step_1750
2025-08-20,0.06811127,0.08887307,0.04458611,0.06277506,0.07078276,0.06903104,0.06283767,0.07104524,0.09071708,0.0816453,0.049841788,0.056935497,0.050803926,0.04399473,0.04906241,0.038957078,step_1750
2025-08-29,0.068772696,0.08413875,0.04526264,0.059980705,0.07167459,0.070994616,0.064533845,0.07044664,0.08834825,0.076283574,0.053319577,0.057549186,0.052713986,0.044659466,0.052459657,0.038861815,step_1750
2025-09-08,0.0683659,0.085576124,0.042630523,0.057337068,0.071659416,0.07065214,0.06383083,0.07795976,0.0892521,0.08091907,0.05186778,0.060164772,0.050831076,0.041999325,0.048665326,0.038288772,step_1750
2025-09-16,0.0664414,0.08703878,0.04230998,0.05849984,0.072075754,0.06990487,0.060396172,0.07320617,0.09293012,0.08285338,0.05193489,0.058839686,0.053448927,0.042869966,0.04840776,0.038842313,step_1750
2025-09-24,0.062483568,0.08130063,0.045606703,0.057776507,0.071575,0.06627418,0.061022874,0.07336502,0.09097807,0.08442392,0.053398628,0.061550457,0.05634996,0.044286516,0.048975833,0.040632185,step_1750
2025-10-09,0.064193495,0.081472725,0.043077838,0.055828534,0.06975355,0.06561723,0.06384566,0.080634475,0.09325437,0.08558993,0.05195962,0.06305902,0.051848818,0.04368613,0.04604912,0.040129542,step_1750
2025-10-17,0.06039548,0.08833872,0.036162835,0.048539795,0.07653443,0.07147053,0.058348857,0.08702271,0.090250626,0.09177353,0.048920043,0.06785045,0.051183607,0.039864644,0.04236418,0.04097961,step_1750
